title,symbol,code,board,cat,capital,vol
DIGI.COM BERHAD,DIGI,6947,Main Market,Telecommunications & Media,34132.25,45345.0
CARLSBERG BREWERY MALAYSIA BERHAD,CARLSBG,2836,Main Market,Consumer Products & Services,7643.7,2515.0
BRITISH AMERICAN TOBACCO (MALAYSIA) BERHAD,BAT,4162,Main Market,Consumer Products & Services,3169.38,16583.0
SIG GASES BERHAD,SIGGAS,5181,Main Market,Industrial Products & Services,82.5,8436.0
ASTRO MALAYSIA HOLDINGS BERHAD,ASTRO,6399,Main Market,Telecommunications & Media,5136.29,84706.0
NESTLE (MALAYSIA) BERHAD,NESTLE,4707,Main Market,Consumer Products & Services,32196.85,732.0
DUTCH LADY MILK INDUSTRIES BERHAD,DLADY,3026,Main Market,Consumer Products & Services,2814.72,40.0
HEINEKEN MALAYSIA BERHAD,HEIM,3255,Main Market,Consumer Products & Services,6591.78,1571.0
COMINTEL CORPORATION BHD,COMCORP,7195,Main Market,Industrial Products & Services,16.8,6470.0
UNI WALL APS HOLDINGS BERHAD,UNIWALL,03017,Leap Market,Construction,493.7,0.0
POLYMER LINK HOLDINGS BERHAD,POLYMER,03007,Leap Market,Industrial Products & Services,92.57,0.0
7-ELEVEN MALAYSIA HOLDINGS BERHAD,SEM,5250,Main Market,Consumer Products & Services,1591.07,10135.0
SEG INTERNATIONAL BHD,SEG,9792,Main Market,Consumer Products & Services,765.06,6567.0
UCHI TECHNOLOGIES BERHAD,UCHITEC,7100,Main Market,Industrial Products & Services,1191.12,3470.0
FINTEC GLOBAL BERHAD,FINTEC,0150,Ace Market,Financial Services,57.02,75952.0
PINEHILL PACIFIC BERHAD,PINEPAC,1902,Main Market,Plantation,47.94,3335.0
TRADEPLUS S&P NEW CHINA TRACKER-USD,CHINAETF-USD,0829EB,ETF,ETF-Equity,0.96,0.0
ADVENTA BERHAD,ADVENTA,7191,Main Market,Health Care,308.63,258292.0
CAN-ONE BERHAD,CANONE,5105,Main Market,Industrial Products & Services,534.19,9057.0
PARAMOUNT CORPORATION BERHAD,PARAMON,1724,Main Market,Property,568.36,21104.0
MY E.G. SERVICES BERHAD,MYEG,0138,Main Market,Technology,4471.82,641284.0
BERMAZ AUTO BERHAD,BAUTO,5248,Main Market,Consumer Products & Services,1722.05,266727.0
NOVA PHARMA SOLUTIONS BERHAD,NPS,03006,Leap Market,Health Care,52.15,0.0
MICROLINK SOLUTIONS BERHAD,MICROLN,0126,Ace Market,Technology,143.6,1010.0
WELLCALL HOLDINGS BERHAD,WELLCAL,7231,Main Market,Industrial Products & Services,433.21,12651.0
HUP SENG INDUSTRIES BERHAD,HUPSENG,5024,Main Market,Consumer Products & Services,780.0,2809.0
MYKRIS INTERNATIONAL BERHAD,MYKRIS,03010,Leap Market,Telecomunications & Media,180.0,0.0
SYARIKAT TAKAFUL MALAYSIA KELUARGA BERHAD,TAKAFUL,6139,Main Market,Financial Services,3745.37,4046.0
GREATECH TECHNOLOGY BERHAD,GREATEC,0208,Ace Market,Technology,2097.1,21409.0
BURSA MALAYSIA BERHAD,BURSA,1818,Main Market,Financial Services,6742.92,32421.0
ARB BERHAD,ARBB,7181,Main Market,Technology,111.67,126332.0
SL INNOVATION CAPITAL BERHAD,SLIC,03008,Leap Market,Technology,54.61,0.0
IQZAN HOLDING BERHAD,IQZAN,7183,Main Market,Industrial Products & Services,13.87,2125.0
GDB HOLDINGS BERHAD,GDB,0198,Main Market,Construction,365.63,13132.0
REXIT BERHAD,REXIT,0106,Ace Market,Technology,101.29,550.0
LINGKARAN TRANS KOTA HOLDINGS BERHAD,LITRAK,6645,Main Market,Transportation & Logistics,2178.5,4403.0
UWC BERHAD,UWC,5292,Main Market,Technology,2035.74,227712.0
WESTPORTS HOLDINGS BERHAD,WPRTS,5246,Main Market,Transportation & Logistics,13162.6,8436.0
METRO HEALTHCARE BERHAD,MHCARE,03005,Leap Market,Health Care,192.16,0.0
KERJAYA PROSPEK PROPERTY BERHAD,KPPROP,7077,Main Market,Property,100.07,950.0
AMWAY (MALAYSIA) HOLDINGS BERHAD,AMWAY,6351,Main Market,Consumer Products & Services,831.79,51.0
DUFU TECHNOLOGY CORP. BERHAD,DUFU,7233,Main Market,Industrial Products & Services,1260.75,14631.0
GUAN CHONG BERHAD,GCB,5102,Main Market,Consumer Products & Services,2920.63,15767.0
JM EDUCATION GROUP BERHAD,JMEDU,03003,Leap Market,Consumer Products & Services,37.97,0.0
SCICOM (MSC) BERHAD,SCICOM,0099,Main Market,Industrial Products & Services,351.9,14617.0
DATASONIC GROUP BERHAD,DSONIC,5216,Main Market,Technology,1701.0,232055.0
LII HEN INDUSTRIES BHD.,LIIHEN,7089,Main Market,Consumer Products & Services,412.2,2159.0
MAXIS BERHAD,MAXIS,6012,Main Market,Telecommunications & Media,41370.44,25339.0
ENEST GROUP BERHAD,ENEST,03025,Leap Market,Consumer Products & Services,60.45,0.0
POWER ROOT BERHAD,PWROOT,7237,Main Market,Consumer Products & Services,1022.99,9436.0
MB WORLD GROUP BERHAD,MBWORLD,7189,Main Market,Property,153.44,992.0
GAS MALAYSIA BERHAD,GASMSIA,5209,Main Market,Utilities,3620.88,658.0
MAGNI-TECH INDUSTRIES BERHAD,MAGNI,7087,Main Market,Consumer Products & Services,915.64,5187.0
LPI CAPITAL BHD,LPI,8621,Main Market,Financial Services,5537.52,496.0
AEON CREDIT SERVICE (M) BERHAD,AEONCR,5139,Main Market,Financial Services,2536.25,3147.0
PADINI HOLDINGS BERHAD,PADINI,7052,Main Market,Consumer Products & Services,1697.41,7200.0
SERBA DINAMIK HOLDINGS BERHAD,SERBADK,5279,Main Market,Energy,5933.13,133254.0
TH HEAVY ENGINEERING BERHAD,THHEAVY,7206,Main Market,Energy,100.92,9611.0
GLOBETRONICS TECHNOLOGY BERHAD,GTRONIC,7022,Main Market,Technology,1305.42,12635.0
FRONTKEN CORPORATION BERHAD,FRONTKN,0128,Main Market,Technology,2738.93,32546.0
SUNWAY CONSTRUCTION GROUP BERHAD,SUNCON,5263,Main Market,Construction,2456.51,2698.0
PENTAMASTER CORPORATION BERHAD,PENTA,7160,Main Market,Technology,2255.67,14636.0
OPENSYS (M) BERHAD,OPENSYS,0040,Ace Market,Technology,135.54,118287.0
HARTALEGA HOLDINGS BERHAD,HARTA,5168,Main Market,Health Care,41298.67,124509.0
BERJAYA SPORTS TOTO BERHAD,BJTOTO,1562,Main Market,Consumer Products & Services,3080.35,10298.0
MI TECHNOVATION BERHAD,MI,5286,Main Market,Technology,1777.5,51331.0
CLOUDARON GROUP BERHAD,CLOUD,03001,Leap Market,Technology,83.12,0.0
FOUNDPAC GROUP BERHAD,FPGROUP,5277,Main Market,Industrial Products & Services,428.44,63611.0
SERN KOU RESOURCES BERHAD,SERNKOU,7180,Main Market,Consumer Products & Services,233.22,5431.0
NOVA WELLNESS GROUP BERHAD,NOVA,0201,Ace Market,Health Care,227.19,15429.0
PRINCIPAL FTSE ASEAN 40 MALAYSIA ETF,PAM-A40M,0822EA,ETF,ETF-Equity,4.05,0.0
INTA BINA GROUP BERHAD,INTA,0192,Main Market,Construction,112.4,11907.0
DAYANG ENTERPRISE HOLDINGS BERHAD,DAYANG,5141,Main Market,Energy,1390.29,267818.0
SCIENTEX BERHAD,SCIENTX,4731,Main Market,Industrial Products & Services,4488.13,2306.0
KUMPULAN POWERNET BERHAD,KPOWER,7130,Main Market,Consumer Products & Services,166.69,3948.0
CARIMIN PETROLEUM BERHAD,CARIMIN,5257,Main Market,Energy,175.41,163606.0
TRADEPLUS S&P NEW CHINA TRACKER-MYR,CHINAETF-MYR,0829EA,ETF,ETF-Equity,10.07,5.0
ADVANCE SYNERGY BERHAD,ASB,1481,Main Market,Consumer Products & Services,162.61,1777096.0
FRASER & NEAVE HOLDINGS BHD,F&N,3689,Main Market,Consumer Products & Services,11560.86,225.0
EWEIN BERHAD,EWEIN,7249,Main Market,Property,111.59,120014.0
HAP SENG CONSOLIDATED BERHAD,HAPSENG,3034,Main Market,Industrial Products & Services,22656.1,5889.0
KOSSAN RUBBER INDUSTRIES BERHAD,KOSSAN,7153,Main Market,Health Care,11484.84,86495.0
KOTRA INDUSTRIES BERHAD,KOTRA,0002,Main Market,Health Care,447.46,870.0
RCE CAPITAL BERHAD,RCECAP,9296,Main Market,Financial Services,705.0,2781.0
HOMERITZ CORPORATION BERHAD,HOMERIZ,5160,Main Market,Consumer Products & Services,168.01,1062.0
SAMCHEM HOLDINGS BERHAD,SAMCHEM,5147,Main Market,Industrial Products & Services,208.08,22679.0
MATRIX CONCEPTS HOLDINGS BERHAD,MATRIX,5236,Main Market,Property,1509.93,6434.0
VITROX CORPORATION BERHAD,VITROX,0097,Main Market,Technology,3985.66,598.0
JHM CONSOLIDATION BERHAD,JHM,0127,Ace Market,Technology,462.81,39104.0
KKB ENGINEERING BERHAD,KKB,9466,Main Market,Industrial Products & Services,453.71,3745.0
RGB INTERNATIONAL BHD,RGB,0037,Main Market,Consumer Products & Services,224.5,127562.0
DIALOG GROUP BERHAD,DIALOG,7277,Main Market,Energy,21438.24,108107.0
HONG LEONG INDUSTRIES BERHAD,HLIND,3301,Main Market,Consumer Products & Services,2819.97,950.0
ATA IMS BERHAD,ATAIMS,8176,Main Market,Industrial Products & Services,1216.41,33572.0
MMIS BERHAD,MMIS,03027,Leap Market,Industrial Products & Services,87.5,0.0
KELINGTON GROUP BERHAD,KGB,0151,Main Market,Industrial Products & Services,305.23,19715.0
SKP RESOURCES BHD,SKPRES,7155,Main Market,Industrial Products & Services,1287.69,26109.0
MASTER-PACK GROUP BERHAD,MASTER,7029,Main Market,Industrial Products & Services,109.24,15135.0
JOHORE TIN BERHAD,JOHOTIN,7167,Main Market,Consumer Products & Services,496.75,20893.0
ECM LIBRA GROUP BERHAD,ECM,2143,Main Market,Financial Services,110.38,15.0
PESTECH INTERNATIONAL BERHAD,PESTECH,5219,Main Market,Industrial Products & Services,710.79,3800.0
OMESTI BERHAD,OMESTI,9008,Main Market,Technology,294.62,37182.0
MALAYSIAN BULK CARRIERS BERHAD,MAYBULK,5077,Main Market,Transportation & Logistics,360.0,13723.0
PRESS METAL ALUMINIUM HOLDINGS BERHAD,PMETAL,8869,Main Market,Industrial Products & Services,18373.4,86928.0
HO HUP CONSTRUCTION COMPANY BHD,HOHUP,5169,Main Market,Construction,237.12,22041.0
FOCUS POINT HOLDINGS BERHAD,FOCUSP,0157,Ace Market,Consumer Products & Services,92.4,1967.0
LEE SWEE KIAT GROUP BERHAD,LEESK,8079,Main Market,Consumer Products & Services,97.33,4435.0
SUPREME CONSOLIDATED RESOURCES BERHAD,SUPREME,03018,Leap Market,Consumer Products & Services,79.8,0.0
PETRONAS GAS BERHAD,PETGAS,6033,Main Market,Utilities,35419.3,15194.0
IRIS CORPORATION BERHAD,IRIS,0010,Ace Market,Technology,444.94,236896.0
PANASONIC MANUFACTURING MALAYSIA BERHAD,PANAMY,3719,Main Market,Consumer Products & Services,1832.09,156.0
PINTARAS JAYA BHD,PTARAS,9598,Main Market,Construction,449.49,268.0
D.B.E. GURNEY RESOURCES BERHAD,DBE,7179,Main Market,Consumer Products & Services,70.93,71329.0
ALLIANZ MALAYSIA BERHAD,ALLIANZ,1163,Main Market,Financial Services,2685.17,257.0
MTAG GROUP BERHAD,MTAG,0213,Ace Market,Industrial Products & Services,361.26,91443.0
INARI AMERTRON BERHAD,INARI,0166,Main Market,Technology,5027.72,88465.0
TECHFAST HOLDINGS BERHAD,TECFAST,0084,Ace Market,Industrial Products & Services,88.98,47945.0
COCOALAND HOLDINGS BERHAD,COCOLND,7205,Main Market,Consumer Products & Services,425.57,150.0
EITA RESOURCES BERHAD,EITA,5208,Main Market,Industrial Products & Services,172.9,2057.0
MUAR BAN LEE GROUP BERHAD,MBL,5152,Main Market,Industrial Products & Services,149.3,8630.0
SAM ENGINEERING & EQUIPMENT (M) BERHAD,SAM,9822,Main Market,Industrial Products & Services,778.56,935.0
UMW HOLDINGS BERHAD,UMW,4588,Main Market,Consumer Products & Services,3376.37,227181.0
RANHILL UTILITIES BERHAD,RANHILL,5272,Main Market,Utilities,1040.75,1473.0
BIMB HOLDINGS BERHAD,BIMB,5258,Main Market,Financial Services,6489.44,5454.0
BOILERMECH HOLDINGS BERHAD,BOILERM,0168,Main Market,Industrial Products & Services,270.9,2346.0
KERJAYA PROSPEK GROUP BERHAD,KERJAYA,7161,Main Market,Construction,1378.58,6330.0
ELSOFT RESEARCH BERHAD,ELSOFT,0090,Main Market,Technology,401.67,11869.0
MELEWAR INDUSTRIAL GROUP BERHAD,MELEWAR,3778,Main Market,Industrial Products & Services,80.87,28425.0
YINSON HOLDINGS BERHAD,YINSON,7293,Main Market,Energy,6466.65,42232.0
BRITE-TECH BERHAD,BTECH,0011,Ace Market,Utilities,60.48,2511.0
APEX HEALTHCARE BERHAD,AHEALTH,7090,Main Market,Health Care,1349.9,1647.0
PUBLIC BANK BERHAD,PBBANK,1295,Main Market,Financial Services,67238.64,57846.0
TIME DOTCOM BERHAD,TIMECOM,5031,Main Market,Telecommunications & Media,6292.72,9309.0
REDTONE INTERNATIONAL BERHAD,REDTONE,0032,Ace Market,Telecommunications & Media,332.54,38868.0
TEO SENG CAPITAL BERHAD,TEOSENG,7252,Main Market,Consumer Products & Services,280.51,3376.0
KIM HIN JOO (MALAYSIA) BERHAD,KHJB,0210,Ace Market,Consumer Products & Services,79.8,4699.0
FORMOSA PROSONIC INDUSTRIES BERHAD,FPI,9172,Main Market,Consumer Products & Services,336.41,3557.0
LUXCHEM CORPORATION BERHAD,LUXCHEM,5143,Main Market,Industrial Products & Services,743.52,188131.0
DAMANSARA REALTY BHD,DBHD,3484,Main Market,Property,135.31,19453.0
SCC HOLDINGS BERHAD,SCC,0158,Ace Market,Consumer Products & Services,57.88,465.0
JF TECHNOLOGY BERHAD,JFTECH,0146,Ace Market,Technology,386.4,13121.0
CCK CONSOLIDATED HOLDINGS BERHAD,CCK,7035,Main Market,Consumer Products & Services,331.13,9956.0
POH HUAT RESOURCES HOLDINGS BERHAD,POHUAT,7088,Main Market,Consumer Products & Services,249.3,2813.0
CYPARK RESOURCES BERHAD,CYPARK,5184,Main Market,Industrial Products & Services,446.41,37305.0
BP PLASTICS HOLDING BHD,BPPLAS,5100,Main Market,Industrial Products & Services,219.59,1339.0
PERAK TRANSIT BERHAD,PTRANS,0186,Main Market,Consumer Products & Services,248.99,58066.0
KOBAY TECHNOLOGY BERHAD,KOBAY,6971,Main Market,Industrial Products & Services,184.79,95.0
QL RESOURCES BERHAD,QL,7084,Main Market,Consumer Products & Services,14877.76,28597.0
AJINOMOTO (MALAYSIA) BERHAD,AJI,2658,Main Market,Consumer Products & Services,909.55,179.0
E.A.TECHNIQUE (M) BERHAD,EATECH,5259,Main Market,Transportation & Logistics,185.68,39123.0
JAYCORP BERHAD,JAYCORP,7152,Main Market,Consumer Products & Services,113.23,1031.0
C.I. HOLDINGS BERHAD,CIHLDG,2828,Main Market,Consumer Products & Services,191.16,140.0
TRADEPLUS HSCEI DAILY (2X) LEVERAGED TRACKER,HSCEI-2XL,0832EA,,,1.16,0.0
FAVELLE FAVCO BERHAD,FAVCO,7229,Main Market,Industrial Products & Services,517.31,104.0
ZECON BERHAD,ZECON,7028,Main Market,Construction,55.49,618.0
MBM RESOURCES BHD,MBMR,5983,Main Market,Consumer Products & Services,1340.74,29486.0
SUPERMAX CORPORATION BERHAD,SUPERMX,7106,Main Market,Health Care,12079.55,399935.0
DAIBOCHI BERHAD,DAIBOCI,8125,Main Market,Industrial Products & Services,786.96,984.0
TOPVISION EYE SPECIALIST BERHAD,TOPVISN,03013,Leap Market,Health Care,140.58,0.0
KPJ HEALTHCARE BERHAD,KPJ,5878,Main Market,Health Care,3953.31,21052.0
PETRA ENERGY BERHAD,PENERGY,5133,Main Market,Energy,254.18,6217.0
THONG GUAN INDUSTRIES BERHAD,TGUAN,7034,Main Market,Industrial Products & Services,733.33,3565.0
JAKS RESOURCES BERHAD,JAKS,4723,Main Market,Construction,586.01,78399.0
SYMPHONY LIFE BERHAD,SYMLIFE,1538,Main Market,Property,237.23,7338.0
MALAYAN BANKING BERHAD,MAYBANK,1155,Main Market,Financial Services,90830.2,100941.0
COMFORT GLOVES BERHAD,COMFORT,2127,Main Market,Industrial Products & Services,2116.11,646946.0
MANFORCE GROUP BERHAD,MFGROUP,03015,Leap Market,Consumer Products & Services,75.2,0.0
HAI-O ENTERPRISE BERHAD,HAIO,7668,Main Market,Consumer Products & Services,561.56,1349.0
SLP RESOURCES BERHAD,SLP,7248,Main Market,Industrial Products & Services,263.08,2529.0
DPI HOLDINGS BERHAD,DPIH,0205,Ace Market,Consumer Products & Services,90.05,26216.0
DANCOMECH HOLDINGS BERHAD,DANCO,5276,Main Market,Industrial Products & Services,121.6,610.0
UEM EDGENTA BERHAD,EDGENTA,1368,Main Market,Industrial Products & Services,1746.41,13097.0
IDEAL UNITED BINTANG INTERNATIONAL BERHAD,IDEAL,9687,Main Market,Property,609.15,199.0
ECONPILE HOLDINGS BERHAD,ECONBHD,5253,Main Market,Construction,829.25,141312.0
REVENUE GROUP BERHAD,REVENUE,0200,Ace Market,Technology,475.09,117353.0
AMTEL HOLDINGS BERHAD,AMTEL,7031,Main Market,Telecommunications & Media,27.64,892.0
MMS VENTURES BERHAD,MMSV,0113,Main Market,Technology,122.45,5021.0
KHIND HOLDINGS BERHAD,KHIND,7062,Main Market,Consumer Products & Services,68.1,40.0
BCM ALLIANCE BERHAD,BCMALL,0187,Ace Market,Industrial Products & Services,117.95,867808.0
AXIS REAL ESTATE INVESTMENT TRUST,AXREIT,5106,Main Market,Real Estate Investment Trusts,2826.97,23305.0
DUOPHARMA BIOTECH BERHAD,DPHARMA,7148,Main Market,Health Care,1122.39,12136.0
POWERWELL HOLDINGS BERHAD,PWRWELL,0217,Ace Market,Industrial Products & Services,182.87,936911.0
OCR GROUP BERHAD,OCR,7071,Main Market,Construction,122.58,117726.0
WEGMANS HOLDINGS BERHAD,WEGMANS,0197,Main Market,Consumer Products & Services,87.5,5189.0
DPS RESOURCES BERHAD,DPS,7198,Main Market,Property,41.14,3546.0
PCCS GROUP BERHAD,PCCS,6068,Main Market,Consumer Products & Services,68.38,19902.0
SOLARVEST HOLDINGS BERHAD,SLVEST,0215,Ace Market,Industrial Products & Services,496.09,77809.0
CRG INCORPORATED BERHAD,CRG,03016,Leap Market,Consumer Products & Services,44.31,0.0
BCB BERHAD,BCB,6602,Main Market,Property,121.69,3080.0
MEGA FIRST CORPORATION BERHAD,MFCB,3069,Main Market,Utilities,3233.14,9398.0
D&O GREEN TECHNOLOGIES BERHAD,D&O,7204,Main Market,Technology,743.85,17822.0
EUPE CORPORATION BERHAD,EUPE,6815,Main Market,Property,70.4,1434.0
VSTECS BERHAD,VSTECS,5162,Main Market,Technology,212.4,3094.0
I-STONE GROUP BERHAD,ISTONE,0209,Ace Market,Technology,201.54,62335.0
DELEUM BERHAD,DELEUM,5132,Main Market,Energy,301.16,19467.0
IBRACO BERHAD,IBRACO,5084,Main Market,Property,297.84,313.0
V.S. INDUSTRY BERHAD,VS,6963,Main Market,Industrial Products & Services,1659.62,77770.0
TOP GLOVE CORPORATION BHD,TOPGLOV,7113,Main Market,Health Care,43140.13,304763.0
MAGNUM BERHAD,MAGNUM,3859,Main Market,Consumer Products & Services,3306.82,21388.0
RHB BANK BERHAD,RHBBANK,1066,Main Market,Financial Services,21694.35,45090.0
KIP REAL ESTATE INVESTMENT TRUST,KIPREIT,5280,Main Market,Real Estate Investment Trusts,411.82,1259.0
HONG LEONG BANK BERHAD,HLBANK,5819,Main Market,Financial Services,32775.9,6994.0
PETRONAS DAGANGAN BHD,PETDAG,5681,Main Market,Consumer Products & Services,21756.64,2620.0
HLT GLOBAL BERHAD,HLT,0188,Ace Market,Industrial Products & Services,450.56,1198432.0
SUPERCOMNET TECHNOLOGIES BERHAD,SCOMNET,0001,Ace Market,Industrial Products & Services,668.72,22813.0
SUNWAY REAL ESTATE INVESTMENT TRUST,SUNREIT,5176,Main Market,Real Estate Investment Trusts,4771.03,15358.0
SMILE-LINK HEALTHCARE GLOBAL BERHAD,SMILE,03023,Leap Market,Health Care,75.12,610.0
MALAYSIA SMELTING CORPORATION BERHAD,MSC,5916,Main Market,Industrial Products & Services,288.0,210.0
ORIENTAL INTEREST BERHAD,OIB,5827,Main Market,Property,260.16,94.0
VISDYNAMICS HOLDINGS BERHAD,VIS,0120,Ace Market,Technology,75.96,27509.0
BINTULU PORT HOLDINGS BERHAD,BIPORT,5032,Main Market,Transportation & Logistics,1909.0,394.0
MALAYSIAN PACIFIC INDUSTRIES BERHAD,MPI,3867,Main Market,Technology,2233.17,6007.0
HIBISCUS PETROLEUM BERHAD,HIBISCS,5199,Main Market,Energy,1080.0,2576171.0
HONG LEONG FINANCIAL GROUP BERHAD,HLFG,1082,Main Market,Financial Services,17098.0,1502.0
ELK-DESA RESOURCES BERHAD,ELKDESA,5228,Main Market,Financial Services,416.01,3277.0
RADIANT GLOBALTECH BERHAD,RGTECH,0202,Ace Market,Technology,157.56,35667.0
PUBLIC PACKAGES HOLDINGS BHD,PPHB,8273,Main Market,Industrial Products & Services,135.81,17013.0
THREE-A RESOURCES BERHAD,3A,0012,Main Market,Consumer Products & Services,393.6,182.0
FAJARBARU BUILDER GROUP BHD,FAJAR,7047,Main Market,Construction,110.3,9284.0
TADMAX RESOURCES BERHAD,TADMAX,4022,Main Market,Property,192.02,148041.0
AMMB HOLDINGS BERHAD,AMBANK,1015,Main Market,Financial Services,9765.96,34766.0
GAMUDA BERHAD,GAMUDA,5398,Main Market,Construction,9551.41,74178.0
WONG ENGINEERING CORPORATION BERHAD,WONG,7050,Main Market,Industrial Products & Services,48.14,0.0
THRIVEN GLOBAL BERHAD,THRIVEN,7889,Main Market,Property,109.39,42418.0
PERUSAHAAN SADUR TIMAH MALAYSIA (PERSTIMA) BHD,PERSTIM,5436,Main Market,Industrial Products & Services,427.01,105.0
SUNWAY BERHAD,SUNWAY,5211,Main Market,Industrial Products & Services,7006.18,69154.0
PETRONAS CHEMICALS GROUP BERHAD,PCHEM,5183,Main Market,Industrial Products & Services,53600.0,33489.0
BABA ECO GROUP BERHAD,BABA,03012,Leap Market,Consumer Products & Services,38.2,0.0
A-RANK BERHAD,ARANK,7214,Main Market,Industrial Products & Services,70.59,56.0
ACME HOLDINGS BERHAD,ACME,7131,Main Market,Property,48.51,25.0
ZHULIAN CORPORATION BERHAD,ZHULIAN,5131,Main Market,Consumer Products & Services,542.8,3479.0
INNATURE BERHAD,INNATURE,5295,Main Market,Consumer Products & Services,243.53,6559.0
INTEGRATED LOGISTICS BHD,ILB,5614,Main Market,Transportation & Logistics,56.56,357.0
P.I.E. INDUSTRIAL BERHAD,PIE,7095,Main Market,Industrial Products & Services,495.41,802.0
PETERLABS HOLDINGS BERHAD,PLABS,0171,Ace Market,Consumer Products & Services,40.8,2809.0
MALAYSIA BUILDING SOCIETY BERHAD,MBSB,1171,Main Market,Financial Services,4934.35,59281.0
KIMLUN CORPORATION BERHAD,KIMLUN,5171,Main Market,Construction,254.87,4501.0
CE TECHNOLOGY BERHAD,CETECH,03024,Leap Market,Industrial Products & Services,173.06,0.0
GEORGE KENT (MALAYSIA) BERHAD,GKENT,3204,Main Market,Construction,402.74,26834.0
HARRISONS HOLDINGS (MALAYSIA) BERHAD,HARISON,5008,Main Market,Consumer Products & Services,260.26,150.0
TALIWORKS CORPORATION BERHAD,TALIWRK,8524,Main Market,Utilities,1713.44,27716.0
IGB REAL ESTATE INVESTMENT TRUST,IGBREIT,5227,Main Market,Real Estate Investment Trusts,6043.54,22305.0
KSL HOLDINGS BERHAD,KSL,5038,Main Market,Property,721.07,22386.0
FCW HOLDINGS BERHAD,FCW,2755,Main Market,Consumer Products & Services,145.0,2.0
AL-`AQAR HEALTHCARE REIT,ALAQAR,5116,Main Market,Real Estate Investment Trusts,1023.02,740.0
AME ELITE CONSORTIUM BERHAD,AME,5293,Main Market,Construction,734.64,14452.0
DKSH HOLDINGS (MALAYSIA) BERHAD,DKSH,5908,Main Market,Consumer Products & Services,424.1,236.0
UOA DEVELOPMENT BHD,UOADEV,5200,Main Market,Property,3521.21,25190.0
JIANKUN INTERNATIONAL BERHAD,JIANKUN,8923,Main Market,Property,68.41,6107.0
OSK HOLDINGS BERHAD,OSK,5053,Main Market,Property,1843.86,7040.0
TENAGA NASIONAL BHD,TENAGA,5347,Main Market,Utilities,68226.98,70066.0
UNIMECH GROUP BERHAD,UNIMECH,7091,Main Market,Industrial Products & Services,174.65,310.0
MARCO HOLDINGS BERHAD,MARCO,3514,Main Market,Consumer Products & Services,105.43,8048.0
TIMBERWELL BERHAD,TIMWELL,7854,Main Market,Industrial Products & Services,40.96,0.0
ACE INNOVATE ASIA BERHAD,ACEINNO,03028,Leap Market,Industrial Products & Services,108.01,0.0
TAMBUN INDAH LAND BERHAD,TAMBUN,5191,Main Market,Property,247.07,41044.0
SPRITZER BHD,SPRITZER,7103,Main Market,Consumer Products & Services,432.58,70.0
GABUNGAN AQRS BERHAD,GBGAQRS,5226,Main Market,Construction,464.92,40045.0
MYNEWS HOLDINGS BERHAD,MYNEWS,5275,Main Market,Consumer Products & Services,545.72,2076.0
FEDERAL INTERNATIONAL HOLDINGS BERHAD,FIHB,8605,Main Market,Consumer Products & Services,38.2,2908.0
ALLIANCE BANK MALAYSIA BERHAD,ABMB,2488,Main Market,Financial Services,3669.01,28250.0
RHONE MA HOLDINGS BERHAD,RHONEMA,5278,Main Market,Consumer Products & Services,123.22,30.0
KNUSFORD BERHAD,KNUSFOR,5035,Main Market,Industrial Products & Services,76.73,60.0
WILLOWGLEN MSC BERHAD,WILLOW,0008,Main Market,Technology,235.6,2807.0
TEO GUAN LEE CORPORATION BERHAD,TGL,9369,Main Market,Consumer Products & Services,45.22,0.0
LAMBO GROUP BERHAD,LAMBO,0018,Ace Market,Technology,58.86,343508.0
OCEANCASH PACIFIC BERHAD,OCNCASH,0049,Main Market,Consumer Products & Services,188.88,196383.0
HONG LEONG CAPITAL BERHAD,HLCAP,5274,Main Market,Financial Services,2518.35,0.0
Y.S.P.SOUTHEAST ASIA HOLDING BERHAD,YSPSAH,7178,Main Market,Health Care,329.69,744.0
TROPICANA CORPORATION BERHAD,TROP,5401,Main Market,Property,1323.38,4883.0
CIMB GROUP HOLDINGS BERHAD,CIMB,1023,Main Market,Financial Services,39294.97,184444.0
ORNAPAPER BERHAD,ORNA,5065,Main Market,Industrial Products & Services,76.76,1993.0
WIDAD GROUP BERHAD,WIDAD,0162,Ace Market,Construction,1202.77,54731.0
OKA CORPORATION BHD,OKA,7140,Main Market,Industrial Products & Services,149.69,4160.0
PECCA GROUP BERHAD,PECCA,5271,Main Market,Industrial Products & Services,156.98,44294.0
RGT BERHAD,RGTBHD,9954,Main Market,Industrial Products & Services,175.96,194570.0
UZMA BERHAD,UZMA,7250,Main Market,Energy,208.02,184958.0
DRB-HICOM BERHAD,DRBHCOM,1619,Main Market,Consumer Products & Services,3557.16,356810.0
SUPERLON HOLDINGS BERHAD,SUPERLN,7235,Main Market,Industrial Products & Services,108.8,7694.0
FAR EAST HOLDINGS BERHAD,FAREAST,5029,Main Market,Plantation,1395.52,0.0
YOONG ONN CORPORATION BERHAD,YOCB,5159,Main Market,Consumer Products & Services,102.4,157.0
HEITECH PADU BERHAD,HTPADU,5028,Main Market,Technology,104.26,15772.0
PAVILION REAL ESTATE INVESTMENT TRUST,PAVREIT,5212,Main Market,Real Estate Investment Trusts,5051.93,9818.0
LEONG HUP INTERNATIONAL BERHAD,LHI,6633,Main Market,Consumer Products & Services,2336.0,24523.0
ASIA FILE CORPORATION BHD,ASIAFLE,7129,Main Market,Consumer Products & Services,352.52,20.0
TECHBOND GROUP BERHAD,TECHBND,5289,Main Market,Industrial Products & Services,170.2,5521.0
SARAWAK OIL PALMS BERHAD,SOP,5126,Main Market,Plantation,1866.88,1436.0
PRINCIPAL FTSE CHINA 50 ETF,PAM-C50,0823EA,ETF,ETF-Equity,11.12,20.0
KARYON INDUSTRIES BERHAD,KARYON,0054,Main Market,Industrial Products & Services,76.11,10058.0
ES CERAMICS TECHNOLOGY BHD,ESCERAM,0100,Ace Market,Industrial Products & Services,114.06,347980.0
TELEKOM MALAYSIA BERHAD,TM,4863,Main Market,Telecommunications & Media,16117.53,85031.0
HPMT HOLDINGS BERHAD,HPMT,5291,Main Market,Industrial Products & Services,110.04,2983.0
ECOFIRST CONSOLIDATED BHD,ECOFIRS,3557,Main Market,Property,254.71,4157.0
TALAM TRANSFORM BERHAD,TALAMT,2259,Main Market,Property,107.38,14751.0
EXCEL FORCE MSC BERHAD,EFORCE,0065,Main Market,Technology,301.53,74772.0
PANTECH GROUP HOLDINGS BERHAD,PANTECH,5125,Main Market,Industrial Products & Services,289.14,5457.0
MNRB HOLDINGS BERHAD,MNRB,6459,Main Market,Financial Services,583.4,5435.0
FIAMMA HOLDINGS BERHAD,FIAMMA,6939,Main Market,Consumer Products & Services,272.86,90.0
KUB MALAYSIA BERHAD,KUB,6874,Main Market,Industrial Products & Services,214.24,69533.0
STRAITS INTER LOGISTICS BERHAD,STRAITS,0080,Ace Market,Transportation & Logistics,130.13,81207.0
HOCK SENG LEE BERHAD,HSL,6238,Main Market,Construction,658.42,765.0
ECO WORLD INTERNATIONAL BERHAD,EWINT,5283,Main Market,Property,1176.0,232489.0
PANSAR BERHAD,PANSAR,8419,Main Market,Industrial Products & Services,411.18,35128.0
SPRING ART HOLDINGS BERHAD,SPRING,0216,Ace Market,Consumer Products & Services,68.59,11057.0
ASTINO BERHAD,ASTINO,7162,Main Market,Industrial Products & Services,145.28,190.0
TUNE PROTECT GROUP BERHAD,TUNEPRO,5230,Main Market,Financial Services,255.6,29750.0
MALAKOFF CORPORATION BERHAD,MALAKOF,5264,Main Market,Utilities,4325.0,50916.0
GREENYIELD BERHAD,GREENYB,0136,Main Market,Consumer Products & Services,40.05,4051.0
COUNTRY VIEW BERHAD,CVIEW,5049,Main Market,Property,100.0,0.0
ORIENTAL FOOD INDUSTRIES HOLDINGS BERHAD,OFI,7107,Main Market,Consumer Products & Services,186.0,3680.0
POH KONG HOLDINGS BERHAD,POHKONG,5080,Main Market,Consumer Products & Services,190.81,8373.0
LEADER STEEL HOLDINGS BERHAD,LSTEEL,9881,Main Market,Industrial Products & Services,29.45,247.0
HIL INDUSTRIES BERHAD,HIL,8443,Main Market,Industrial Products & Services,183.72,2483.0
CAHYA MATA SARAWAK BERHAD,CMSB,2852,Main Market,Industrial Products & Services,1772.72,62710.0
TECK GUAN PERDANA BERHAD,TECGUAN,7439,Main Market,Consumer Products & Services,36.09,114.0
PESONA METRO HOLDINGS BERHAD,PESONA,8311,Main Market,Construction,166.8,3066.0
BREM HOLDING BERHAD,BREM,8761,Main Market,Construction,243.56,5957.0
SHANGRI-LA HOTELS (MALAYSIA) BERHAD,SHANG,5517,Main Market,Consumer Products & Services,1892.0,65.0
CHIN WELL HOLDINGS BERHAD,CHINWEL,5007,Main Market,Industrial Products & Services,305.52,782.0
FIBON BERHAD,FIBON,0149,Main Market,Industrial Products & Services,27.44,250.0
LYSAGHT GALVANIZED STEEL BERHAD,LYSAGHT,9199,Main Market,Industrial Products & Services,86.07,0.0
COMPLETE LOGISTIC SERVICES BERHAD,COMPLET,5136,Main Market,Transportation & Logistics,68.14,668.0
APOLLO FOOD HOLDINGS BERHAD,APOLLO,6432,Main Market,Consumer Products & Services,258.4,40.0
KIM TECK CHEONG CONSOLIDATED BERHAD,KTC,0180,Ace Market,Consumer Products & Services,134.06,24004.0
WANG-ZHENG BERHAD,WANGZNG,7203,Main Market,Consumer Products & Services,140.8,0.0
SARAWAK CONSOLIDATED INDUSTRIES BERHAD,SCIB,9237,Main Market,Industrial Products & Services,171.77,9171.0
ASIAN PAC HOLDINGS BERHAD,ASIAPAC,4057,Main Market,Property,103.71,35162.0
SIME DARBY BERHAD,SIME,4197,Main Market,Consumer Products & Services,14895.17,90396.0
TA ENTERPRISE BERHAD,TA,4898,Main Market,Financial Services,907.31,18212.0
PARAGON UNION BERHAD,PARAGON,9407,Main Market,Consumer Products & Services,16.45,58.0
HARBOUR-LINK GROUP BERHAD,HARBOUR,2062,Main Market,Transportation & Logistics,204.2,1993.0
INNOPRISE PLANTATIONS BERHAD,INNO,6262,Main Market,Plantation,361.54,774.0
TRI-MODE SYSTEM (M) BERHAD,TRIMODE,0199,Ace Market,Transportation & Logistics,52.29,919.0
GAGASAN NADI CERGAS BERHAD,NADIBHD,0206,Ace Market,Construction,203.31,10128.0
EKOVEST BERHAD,EKOVEST,8877,Main Market,Construction,1526.53,1580883.0
CLASSIC SCENIC BERHAD,CSCENIC,7202,Main Market,Consumer Products & Services,80.74,1283.0
KIM LOONG RESOURCES BERHAD,KMLOONG,5027,Main Market,Plantation,1122.5,58.0
DOMINANT ENTERPRISE BERHAD,DOMINAN,7169,Main Market,Industrial Products & Services,117.32,5201.0
SHL CONSOLIDATED BHD,SHL,6017,Main Market,Property,472.14,0.0
LOTUS KFM BERHAD,LOTUS,8303,Main Market,Consumer Products & Services,186.22,85534.0
ADVANCECON HOLDINGS BERHAD,ADVCON,5281,Main Market,Construction,171.67,201634.0
LAY HONG BERHAD,LAYHONG,9385,Main Market,Consumer Products & Services,217.9,13793.0
TONG HERR RESOURCES BERHAD,TONGHER,5010,Main Market,Industrial Products & Services,374.68,348.0
ASIA BRANDS BERHAD,ASIABRN,7722,Main Market,Consumer Products & Services,81.43,0.0
PLB ENGINEERING BERHAD,PLB,7055,Main Market,Property,133.75,0.0
TOYO INK GROUP BERHAD,TOYOINK,7173,Main Market,Industrial Products & Services,75.97,210.0
IFCA MSC BERHAD,IFCAMSC,0023,Ace Market,Technology,222.03,118442.0
AL-SALAM REAL ESTATE INVESTMENT TRUST,ALSREIT,5269,Main Market,Real Estate Investment Trusts,406.0,21.0
EMICO HOLDINGS BERHAD,EMICO,9091,Main Market,Consumer Products & Services,15.3,3101.0
MUI PROPERTIES BERHAD,MUIPROP,3913,Main Market,Property,141.35,38678.0
KEJURUTERAAN ASASTERA BERHAD,KAB,0193,Ace Market,Industrial Products & Services,708.06,5810.0
AXIATA GROUP BERHAD,AXIATA,6888,Main Market,Telecommunications & Media,34292.21,36677.0
UNITED PLANTATIONS BERHAD,UTDPLT,2089,Main Market,Plantation,5494.75,634.0
THETA EDGE BERHAD,THETA,9075,Main Market,Technology,40.22,1791.0
GHL SYSTEMS BERHAD,GHLSYS,0021,Main Market,Technology,1393.53,10834.0
OCK GROUP BERHAD,OCK,0172,Main Market,Telecommunications & Media,551.18,32369.0
AWC BERHAD,AWC,7579,Main Market,Industrial Products & Services,142.04,51202.0
K-ONE TECHNOLOGY BERHAD,K1,0111,Ace Market,Technology,360.83,1488924.0
ROHAS TECNIC BERHAD,ROHAS,9741,Main Market,Industrial Products & Services,203.24,43337.0
P.A. RESOURCES BERHAD,PA,7225,Main Market,Industrial Products & Services,123.45,47858.0
TURBO-MECH BERHAD,TURBO,5167,Main Market,Industrial Products & Services,68.58,0.0
SIN HENG CHAN (MALAYA) BERHAD,SHCHAN,4316,Main Market,Plantation,38.24,110.0
ORIENTAL HOLDINGS BERHAD,ORIENT,4006,Main Market,Consumer Products & Services,3592.08,454.0
ZELAN BERHAD,ZELAN,2283,Main Market,Construction,50.7,26413.0
PMB TECHNOLOGY BERHAD,PMBTECH,7172,Main Market,Industrial Products & Services,621.37,1293.0
KAWAN FOOD BERHAD,KAWAN,7216,Main Market,Consumer Products & Services,690.28,6984.0
AFFIN BANK BERHAD,AFFIN,5185,Main Market,Financial Services,3515.26,3687.0
LB ALUMINIUM BERHAD,LBALUM,9326,Main Market,Industrial Products & Services,101.88,365.0
ICON OFFSHORE BERHAD,ICON,5255,Main Market,Energy,369.83,742151.0
BONIA CORPORATION BERHAD,BONIA,9288,Main Market,Consumer Products & Services,108.85,3348.0
LBS BINA GROUP BERHAD,LBS,5789,Main Market,Property,619.01,276273.0
RUBBEREX CORPORATION (M) BERHAD,RUBEREX,7803,Main Market,Industrial Products & Services,1007.05,239675.0
AEON CO. (M) BHD,AEON,6599,Main Market,Consumer Products & Services,1446.12,67411.0
CABNET HOLDINGS BERHAD,CABNET,0191,Ace Market,Technology,30.39,135.0
MAH SING GROUP BERHAD,MAHSING,8583,Main Market,Property,1347.37,800879.0
PPB GROUP BERHAD,PPB,4065,Main Market,Consumer Products & Services,24667.87,5641.0
BIOALPHA HOLDINGS BERHAD,BIOHLDG,0179,Ace Market,Consumer Products & Services,127.56,120547.0
AGESON BERHAD,AGES,7145,Main Market,Construction,144.41,1497974.0
DAGANG NEXCHANGE BERHAD,DNEX,4456,Main Market,Technology,334.04,245176.0
N2N CONNECT BERHAD,N2N,0108,Ace Market,Technology,487.27,13134.0
LUSTER INDUSTRIES BHD.,LUSTER,5068,Main Market,Industrial Products & Services,163.02,126730.0
SUCCESS TRANSFORMER CORPORATION BERHAD,SUCCESS,7207,Main Market,Industrial Products & Services,163.55,25741.0
VIZIONE HOLDINGS BERHAD,VIZIONE,7070,Main Market,Construction,235.04,411154.0
ATLAN HOLDINGS BHD,ATLAN,7048,Main Market,Consumer Products & Services,956.26,0.0
MIKRO MSC BERHAD,MIKROMB,0112,Ace Market,Technology,109.01,1155.0
BATU KAWAN BERHAD,BKAWAN,1899,Main Market,Plantation,5662.1,279.0
TEX CYCLE TECHNOLOGY (M) BERHAD,TEXCYCL,0089,Ace Market,Industrial Products & Services,105.04,47777.0
MESB BERHAD,MESB,7234,Main Market,Consumer Products & Services,21.86,4446.0
GENETEC TECHNOLOGY BERHAD,GENETEC,0104,Ace Market,Technology,57.19,402.0
MCT BERHAD,MCT,5182,Main Market,Property,298.68,86229.0
BINASAT COMMUNICATIONS BERHAD,BINACOM,0195,Ace Market,Telecommunications & Media,108.39,74345.0
TRC SYNERGY BERHAD,TRC,5054,Main Market,Construction,156.16,7530.0
AMANAHRAYA REAL ESTATE INVESTMENT TRUST,ARREIT,5127,Main Market,Real Estate Investment Trusts,386.92,3986.0
IMPIANA HOTELS BERHAD,IMPIANA,7243,Main Market,Consumer Products & Services,65.26,7590.0
CB INDUSTRIAL PRODUCT HOLDING BERHAD,CBIP,7076,Main Market,Industrial Products & Services,511.34,3542.0
IOI CORPORATION BERHAD,IOICORP,1961,Main Market,Plantation,27654.17,33398.0
UNITED MALACCA BERHAD,UMCCA,2593,Main Market,Plantation,948.16,156.0
KLCC REAL ESTATE INVESTMENT TRUST,KLCC,5235SS,Main Market,Real Estate Investment Trusts,14785.68,17326.0
AMANAH HARTA TANAH PNB,AHP,4952,Main Market,Real Estate Investment Trusts,156.2,20.0
TOMEI CONSOLIDATED BERHAD,TOMEI,7230,Main Market,Consumer Products & Services,60.98,2714.0
ECO WORLD DEVELOPMENT GROUP BERHAD,ECOWLD,8206,Main Market,Property,1560.52,643946.0
SUPERGENICS BERHAD,SGBHD,03033,Leap Market,Industrial Products & Services,27.9,0.0
SBC CORPORATION BERHAD,SBCCORP,5207,Main Market,Property,92.93,1228.0
CHIN TECK PLANTATIONS BERHAD,CHINTEK,1929,Main Market,Plantation,539.04,1.0
CHIN HIN GROUP BERHAD,CHINHIN,5273,Main Market,Industrial Products & Services,353.31,33422.0
ESTHETICS INTERNATIONAL GROUP BERHAD,EIG,5081,Main Market,Consumer Products & Services,116.23,0.0
IGB BERHAD,IGBB,5606,Main Market,Property,2381.18,2032.0
FREIGHT MANAGEMENT HOLDINGS BERHAD,FREIGHT,7210,Main Market,Transportation & Logistics,147.99,0.0
LBI CAPITAL BERHAD,LBICAP,8494,Main Market,Property,45.69,30.0
IJM CORPORATION BERHAD,IJM,3336,Main Market,Construction,6987.44,35210.0
QES GROUP BERHAD,QES,0196,Ace Market,Industrial Products & Services,136.5,103430.0
HB GLOBAL LIMITED,HBGLOB,5187,Main Market,Consumer Products & Services,32.76,2468.0
SDS GROUP BERHAD,SDS,0212,Ace Market,Consumer Products & Services,62.9,1660.0
YTL HOSPITALITY REIT,YTLREIT,5109,Main Market,Real Estate Investment Trusts,1704.39,11709.0
SUNSURIA BERHAD,SUNSURIA,3743,Main Market,Property,407.64,2932.0
SURIA CAPITAL HOLDINGS BERHAD,SURIA,6521,Main Market,Transportation & Logistics,356.19,9555.0
NAIM HOLDINGS BERHAD,NAIM,5073,Main Market,Property,336.54,106840.0
UPA CORPORATION BHD,UPA,7757,Main Market,Consumer Products & Services,152.0,20.0
MESINIAGA BERHAD,MSNIAGA,5011,Main Market,Technology,56.17,10.0
PENSONIC HOLDINGS BERHAD,PENSONI,9997,Main Market,Consumer Products & Services,38.9,700.0
CSC STEEL HOLDINGS BERHAD,CSCSTEL,5094,Main Market,Industrial Products & Services,355.3,7497.0
GD EXPRESS CARRIER BERHAD,GDEX,0078,Main Market,Transportation & Logistics,2228.36,319686.0
KUALA LUMPUR KEPONG BERHAD,KLK,2445,Main Market,Plantation,23825.63,7208.0
GENTING PLANTATIONS BERHAD,GENP,2291,Main Market,Plantation,9099.21,7295.0
KUMPULAN FIMA BERHAD,KFIMA,6491,Main Market,Industrial Products & Services,423.35,851.0
RESINTECH BERHAD,RESINTC,7232,Main Market,Industrial Products & Services,34.99,240.0
MALAYSIA AIRPORTS HOLDINGS BERHAD,AIRPORT,5014,Main Market,Transportation & Logistics,9125.55,84233.0
UMS-NEIKEN GROUP BERHAD,UMSNGB,7227,Main Market,Industrial Products & Services,61.6,0.0
GADANG HOLDINGS BHD,GADANG,9261,Main Market,Construction,364.03,243363.0
SARAWAK PLANTATION BERHAD,SWKPLNT,5135,Main Market,Plantation,462.0,375.0
BAHVEST RESOURCES BERHAD,BAHVEST,0098,Ace Market,Consumer Products & Services,490.43,23859.0
TA ANN HOLDINGS BERHAD,TAANN,5012,Main Market,Plantation,1076.52,2135.0
KECK SENG (MALAYSIA) BERHAD,KSENG,3476,Main Market,Industrial Products & Services,1351.92,450.0
SOUTHERN ACIDS (M) BERHAD,SAB,5134,Main Market,Industrial Products & Services,479.27,90.0
NOTION VTEC BERHAD,NOTION,0083,Main Market,Technology,343.38,288879.0
GENTING MALAYSIA BERHAD,GENM,4715,Main Market,Consumer Products & Services,15438.92,182802.0
TMC LIFE SCIENCES BERHAD,TMCLIFE,0101,Main Market,Health Care,914.49,5456.0
HEXZA CORPORATION BERHAD,HEXZA,3298,Main Market,Industrial Products & Services,236.45,17724.0
ANCOM BERHAD,ANCOM,4758,Main Market,Industrial Products & Services,180.64,8807.0
MUDA HOLDINGS BERHAD,MUDA,3883,Main Market,Industrial Products & Services,466.73,2177.0
PBA HOLDINGS BHD,PBA,5041,Main Market,Utilities,293.17,485.0
GENTING BERHAD,GENTING,3182,Main Market,Consumer Products & Services,17019.57,79161.0
TA GLOBAL BERHAD,TAGB,5158,Main Market,Property,1250.6,16296.0
YEE LEE CORPORATION BHD,YEELEE,5584,Main Market,Consumer Products & Services,394.71,1031.0
FIMA CORPORATION BERHAD,FIMACOR,3107,Main Market,Industrial Products & Services,348.27,0.0
SIME DARBY PROPERTY BERHAD,SIMEPROP,5288,Main Market,Property,5066.62,177793.0
YNH PROPERTY BERHAD,YNHPROP,3158,Main Market,Property,1428.3,1517.0
CREST BUILDER HOLDINGS BERHAD,CRESBLD,8591,Main Market,Construction,135.35,2675.0
JKG LAND BERHAD,JKGLAND,6769,Main Market,Property,159.24,1050.0
KANGER INTERNATIONAL BERHAD,KANGER,0170,Ace Market,Consumer Products & Services,92.64,44176.0
SCANWOLF CORPORATION BERHAD,SCNWOLF,7239,Main Market,Industrial Products & Services,18.51,18288.0
INNITY CORPORATION BERHAD,INNITY,0147,Ace Market,Telecommunications & Media,68.86,0.0
MANULIFE HOLDINGS BERHAD,MANULFE,1058,Main Market,Financial Services,433.07,6.0
RAPID SYNERGY BERHAD,RAPID,7765,Main Market,Property,633.9,1451.0
MUHIBBAH ENGINEERING (M) BHD,MUHIBAH,5703,Main Market,Construction,446.41,32275.0
WATTA HOLDING BERHAD,WATTA,7226,Main Market,Industrial Products & Services,40.13,0.0
T7 GLOBAL BERHAD,T7GLOBAL,7228,Main Market,Energy,207.42,5593.0
HCK CAPITAL GROUP BERHAD,HCK,7105,Main Market,Property,508.93,2491.0
WIDETECH (MALAYSIA) BERHAD,WIDETEC,7692,Main Market,Industrial Products & Services,24.61,0.0
MALTON BERHAD,MALTON,6181,Main Market,Property,211.26,75578.0
ACO GROUP BERHAD,ACO,0218,Ace Market,Industrial Products & Services,103.5,2480717.0
HEVEABOARD BERHAD,HEVEA,5095,Main Market,Industrial Products & Services,227.1,17378.0
MKH BERHAD,MKH,6114,Main Market,Property,709.72,6733.0
KEIN HING INTERNATIONAL BERHAD,KEINHIN,7199,Main Market,Industrial Products & Services,39.2,171.0
SCH GROUP BERHAD,SCH,0161,Ace Market,Industrial Products & Services,47.22,6354.0
KUMPULAN PERANGSANG SELANGOR BERHAD,KPS,5843,Main Market,Industrial Products & Services,309.0,1858.0
KUMPULAN H & L HIGH-TECH BERHAD,HIGHTEC,7033,Main Market,Industrial Products & Services,37.36,0.0
SIME DARBY PLANTATION BERHAD,SIMEPLT,5285,Main Market,Plantation,34147.49,21155.0
CRESCENDO CORPORATION BERHAD,CRESNDO,6718,Main Market,Property,260.83,0.0
YTL POWER INTERNATIONAL BHD,YTLPOWR,6742,Main Market,Utilities,5710.75,13171.0
UEM SUNRISE BERHAD,UEMS,5148,Main Market,Property,2336.78,345374.0
BINTAI KINDEN CORPORATION BERHAD,BINTAI,6998,Main Market,Industrial Products & Services,30.41,1100.0
CWG HOLDINGS BERHAD,CWG,9423,Main Market,Consumer Products & Services,37.89,0.0
JCBNEXT BERHAD,JCBNEXT,0058,Main Market,Industrial Products & Services,170.85,317.0
LAND & GENERAL BERHAD,L&G,3174,Main Market,Property,297.31,116799.0
SKB SHUTTERS CORPORATION BERHAD,SKBSHUT,7115,Main Market,Industrial Products & Services,16.0,0.0
GROMUTUAL BERHAD,GMUTUAL,9962,Main Market,Property,97.66,3237.0
MGB BERHAD,MGB,7595,Main Market,Construction,250.83,1473.0
BERJAYA FOOD BERHAD,BJFOOD,5196,Main Market,Consumer Products & Services,412.71,1858.0
IOI PROPERTIES GROUP BERHAD,IOIPG,5249,Main Market,Property,5946.64,16807.0
UMS HOLDINGS BERHAD,UMS,7137,Main Market,Industrial Products & Services,70.39,135.0
MESTRON HOLDINGS BERHAD,MESTRON,0207,Ace Market,Industrial Products & Services,86.9,170482.0
S P SETIA BERHAD,SPSETIA,8664,Main Market,Property,3880.78,598885.0
GRAND-FLO BERHAD,GRANFLO,0056,Main Market,Technology,113.32,5951.0
UOA REAL ESTATE INVESTMENT TRUST,UOAREIT,5110,Main Market,Real Estate Investment Trusts,515.9,156.0
AMFIRST REAL ESTATE INVESTMENT TRUST,AMFIRST,5120,Main Market,Real Estate Investment Trusts,305.45,2524.0
EVERSAFE RUBBER BERHAD,ESAFE,0190,Ace Market,Industrial Products & Services,40.9,141.0
MMC CORPORATION BERHAD,MMCCORP,2194,Main Market,Transportation & Logistics,2496.95,67732.0
GLOMAC BERHAD,GLOMAC,5020,Main Market,Property,224.03,18107.0
KNM GROUP BERHAD,KNM,7164,Main Market,Energy,674.4,1837213.0
SEAL INCORPORATED BERHAD,SEAL,4286,Main Market,Property,58.31,0.0
PJBUMI BERHAD,PJBUMI,7163,Main Market,Industrial Products & Services,11.48,0.0
SELANGOR DREDGING BERHAD,SDRED,2224,Main Market,Property,204.54,200.0
SECUREMETRIC BERHAD,SMETRIC,0203,Ace Market,Technology,60.91,108015.0
TASCO BERHAD,TASCO,5140,Main Market,Transportation & Logistics,190.0,2111.0
TSH RESOURCES BERHAD,TSH,9059,Main Market,Plantation,1236.71,50170.0
PROLEXUS BERHAD,PRLEXUS,8966,Main Market,Consumer Products & Services,119.45,16204.0
POLYDAMIC GROUP BERHAD,POLYDM,03031,Leap Market,Industrial Products & Services,17.65,0.0
EG INDUSTRIES BERHAD,EG,8907,Main Market,Industrial Products & Services,107.25,276353.0
IHH HEALTHCARE BERHAD,IHH,5225,Main Market,Health Care,48705.46,26962.0
PROGRESSIVE IMPACT CORPORATION BERHAD,PICORP,7201,Main Market,Industrial Products & Services,78.96,39744.0
VELESTO ENERGY BERHAD,VELESTO,5243,Main Market,Energy,1396.65,1417039.0
TPC PLUS BERHAD,TPC,7176,Main Market,Consumer Products & Services,58.45,200.0
KPS CONSORTIUM BERHAD,KPSCB,9121,Main Market,Industrial Products & Services,57.65,0.0
ATRIUM REAL ESTATE INVESTMENT TRUST,ATRIUM,5130,Main Market,Real Estate Investment Trusts,216.9,454.0
CAPITALAND MALAYSIA MALL TRUST,CMMT,5180,Main Market,Real Estate Investment Trusts,1726.53,574.0
MENANG CORPORATION (M) BERHAD,MENANG,1694,Main Market,Property,134.62,2846.0
CHIN HIN GROUP PROPERTY BERHAD,CHGP,7187,Main Market,Transportation & Logistics,104.2,540.0
EASTERN & ORIENTAL BERHAD,E&O,3417,Main Market,Property,655.62,152652.0
AYER HOLDINGS BERHAD,AYER,2305,Main Market,Property,411.69,0.0
I-BERHAD,IBHD,4251,Main Market,Property,195.38,40151.0
MRCB-QUILL REIT,MQREIT,5123,Main Market,Real Estate Investment Trusts,744.89,9991.0
SAPURA INDUSTRIAL BERHAD,SAPIND,7811,Main Market,Industrial Products & Services,32.75,30.0
GPP RESOURCES BERHAD,GPP,03029,Leap Market,Industrial Products & Services,45.76,0.0
PWF CORPORATION BERHAD,PWF,7134,Main Market,Consumer Products & Services,90.45,140.0
PETRON MALAYSIA REFINING & MARKETING BHD,PETRONM,3042,Main Market,Energy,1158.3,3028.0
AJIYA BERHAD,AJIYA,7609,Main Market,Industrial Products & Services,115.74,260.0
APM AUTOMOTIVE HOLDINGS BERHAD,APM,5015,Main Market,Industrial Products & Services,352.8,4296.0
NEW HOONG FATT HOLDINGS BERHAD,NHFATT,7060,Main Market,Consumer Products & Services,169.48,150.0
ECOBUILT HOLDINGS BERHAD,ECOHLDS,0059,Main Market,Telecommunications & Media,48.6,15589.0
IMASPRO CORPORATION BERHAD,IMASPRO,7222,Main Market,Industrial Products & Services,190.4,8430.0
APEX EQUITY HOLDINGS BERHAD,APEX,5088,Main Market,Financial Services,200.75,122.0
XIDELANG HOLDINGS LTD,XDL,5156,Main Market,Consumer Products & Services,126.34,956548.0
AMCORP PROPERTIES BERHAD,AMPROP,1007,Main Market,Property,256.6,1206.0
LION POSIM BERHAD,LIONPSIM,8486,Main Market,Industrial Products & Services,72.95,1175.0
PLENITUDE BERHAD,PLENITU,5075,Main Market,Property,385.35,80.0
HEXTAR GLOBAL BERHAD,HEXTAR,5151,Main Market,Industrial Products & Services,533.44,81883.0
SCGM BHD,SCGM,7247,Main Market,Industrial Products & Services,352.35,17853.0
SYCAL VENTURES BERHAD,SYCAL,9717,Main Market,Construction,77.02,800.0
IJM PLANTATIONS BERHAD,IJMPLNT,2216,Main Market,Plantation,1479.37,728.0
BERJAYA LAND BERHAD,BJLAND,4219,Main Market,Consumer Products & Services,925.06,15335.0
XIN HWA HOLDINGS BERHAD,XINHWA,5267,Main Market,Transportation & Logistics,77.76,3349.0
PRESTAR RESOURCES BERHAD,PRESTAR,9873,Main Market,Industrial Products & Services,72.72,2141.0
TOWER REAL ESTATE INVESTMENT TRUST,TWRREIT,5111,Main Market,Real Estate Investment Trusts,201.96,0.0
EDEN INC. BERHAD,EDEN,7471,Main Market,Utilities,68.57,148529.0
PROTASCO BERHAD,PRTASCO,5070,Main Market,Construction,106.51,26306.0
ANALABS RESOURCES BERHAD,ANALABS,7083,Main Market,Industrial Products & Services,132.05,0.0
ENG KAH CORPORATION BERHAD,ENGKAH,7149,Main Market,Consumer Products & Services,49.18,0.0
HENGYUAN REFINING COMPANY BERHAD,HENGYUAN,4324,Main Market,Energy,1155.0,6740.0
LOTTE CHEMICAL TITAN HOLDING BERHAD,LCTITAN,5284,Main Market,Industrial Products & Services,4869.44,224025.0
DEGEM BERHAD,DEGEM,7119,Main Market,Consumer Products & Services,146.06,234.0
MENTIGA CORPORATION BERHAD,MENTIGA,5223,Main Market,Industrial Products & Services,32.9,0.0
MALAYSIAN GENOMICS RESOURCE CENTRE BERHAD,MGRC,0155,Ace Market,Health Care,39.85,31728.0
LEON FUAT BERHAD,LEONFB,5232,Main Market,Industrial Products & Services,99.2,400.0
HEKTAR REAL ESTATE INVESTMENT TRUST,HEKTAR,5121,Main Market,Real Estate Investment Trusts,314.13,2324.0
KESM INDUSTRIES BERHAD,KESM,9334,Main Market,Technology,317.45,596.0
GFM SERVICES BERHAD,GFM,0039,Ace Market,Industrial Products & Services,82.65,17309.0
KRONOLOGI ASIA BERHAD,KRONO,0176,Ace Market,Technology,274.25,53276.0
EVERSENDAI CORPORATION BERHAD,SENDAI,5205,Main Market,Construction,222.61,10825.0
SMIS CORPORATION BERHAD,SMISCOR,7132,Main Market,Industrial Products & Services,17.02,0.0
TAN CHONG MOTOR HOLDINGS BERHAD,TCHONG,4405,Main Market,Consumer Products & Services,779.52,6985.0
HSS ENGINEERS BERHAD,HSSEB,0185,Main Market,Industrial Products & Services,314.87,8778.0
Y&G CORPORATION BHD,Y&G,7003,Main Market,Property,157.3,0.0
EONMETALL GROUP BERHAD,EMETALL,7217,Main Market,Industrial Products & Services,50.84,1802.0
KENANGA INVESTMENT BANK BERHAD,KENANGA,6483,Main Market,Financial Services,415.74,20531.0
KUCHAI DEVELOPMENT BERHAD,KUCHAI,2186,Main Market,Financial Services,167.06,0.0
METROD HOLDINGS BERHAD,METROD,6149,Main Market,Industrial Products & Services,168.0,352.0
SOLID AUTOMOTIVE BERHAD,SOLID,5242,Main Market,Consumer Products & Services,91.26,28308.0
HAP SENG PLANTATIONS HOLDINGS BERHAD,HSPLANT,5138,Main Market,Plantation,1232.0,701.0
BRIGHT PACKAGING INDUSTRY BERHAD,BRIGHT,9938,Main Market,Industrial Products & Services,40.04,6195.0
POLY GLASS FIBRE (M) BERHAD,POLY,8117,Main Market,Industrial Products & Services,63.99,265.0
MELATI EHSAN HOLDINGS BERHAD,MELATI,5129,Main Market,Construction,48.0,119.0
FITTERS DIVERSIFIED BERHAD,FITTERS,9318,Main Market,Industrial Products & Services,115.32,205090.0
ABM FUJIYA BERHAD,AFUJIYA,5198,Main Market,Industrial Products & Services,67.5,0.0
RIVERVIEW RUBBER ESTATES BERHAD,RVIEW,2542,Main Market,Plantation,182.88,25.0
HIAP TECK VENTURE BERHAD,HIAPTEK,5072,Main Market,Industrial Products & Services,229.31,23780.0
BINA DARULAMAN BERHAD,BDB,6173,Main Market,Property,89.64,402.0
DKLS INDUSTRIES BHD,DKLS,7528,Main Market,Construction,139.05,0.0
GOPENG BERHAD,GOPENG,2135,Main Market,Plantation,188.29,0.0
MHC PLANTATIONS BHD,MHC,5026,Main Market,Plantation,89.43,550.0
GUH HOLDINGS BERHAD,GUH,3247,Main Market,Industrial Products & Services,111.16,430.0
HIAP HUAT HOLDINGS BERHAD,HHHCORP,0160,Ace Market,Industrial Products & Services,33.33,4202.0
IVORY PROPERTIES GROUP BERHAD,IVORY,5175,Main Market,Property,73.51,8439.0
YTL CORPORATION BERHAD,YTL,4677,Main Market,Utilities,9975.6,32290.0
JERASIA CAPITAL BERHAD,JERASIA,8931,Main Market,Consumer Products & Services,19.69,1663.0
PARAGON GLOBE BERHAD,PGLOBE,3611,Main Market,Property,149.33,170.0
INSAS BERHAD,INSAS,3379,Main Market,Financial Services,443.74,3094.0
ICAPITAL.BIZ BERHAD,ICAP,5108,Main Market,Closed-End Fund,292.6,0.0
SASBADI HOLDINGS BERHAD,SASBADI,5252,Main Market,Telecommunications & Media,54.48,54558.0
COASTAL CONTRACTS BHD,COASTAL,5071,Main Market,Energy,374.75,15558.0
TA WIN HOLDINGS BERHAD,TAWIN,7097,Main Market,Industrial Products & Services,30.38,1903.0
TITIJAYA LAND BERHAD,TITIJYA,5239,Main Market,Property,366.12,23750.0
MATANG BERHAD,MATANG,0189,Ace Market,Plantations,135.75,4560.0
TAS OFFSHORE BERHAD,TAS,5149,Main Market,Transportation & Logistics,43.2,7127.0
ANCOM LOGISTICS BERHAD,ANCOMLB,0048,Ace Market,Transportation & Logistics,35.5,2701.0
EDUSPEC HOLDINGS BERHAD,EDUSPEC,0107,Ace Market,Technology,50.78,450141.0
MINHO (M) BERHAD,MINHO,5576,Main Market,Industrial Products & Services,90.24,14265.0
KEN HOLDINGS BERHAD,KEN,7323,Main Market,Property,76.69,0.0
SUNGEI BAGAN RUBBER COMPANY (MALAYA) BERHAD,SBAGAN,2569,Main Market,Plantation,168.48,200.0
MALAYAN FLOUR MILLS BERHAD,MFLOUR,3662,Main Market,Consumer Products & Services,534.19,11017.0
YBS INTERNATIONAL BERHAD,YBS,0025,Ace Market,Industrial Products & Services,29.04,100.0
SIGNATURE INTERNATIONAL BERHAD,SIGN,7246,Main Market,Consumer Products & Services,91.95,212.0
SEDANIA INNOVATOR BERHAD,SEDANIA,0178,Ace Market,Telecommunications & Media,36.42,9251.0
LATITUDE TREE HOLDINGS BERHAD,LATITUD,7006,Main Market,Consumer Products & Services,194.42,129.0
MALAYSIAN RESOURCES CORPORATION BERHAD,MRCB,1651,Main Market,Property,2382.5,342888.0
MIECO CHIPBOARD BERHAD,MIECO,5001,Main Market,Industrial Products & Services,126.0,7061.0
MK LAND HOLDINGS BERHAD,MKLAND,8893,Main Market,Property,144.87,33772.0
D'NONCE TECHNOLOGY BHD,DNONCE,7114,Main Market,Industrial Products & Services,66.88,1525.0
FACB INDUSTRIES INCORPORATED BERHAD,FACBIND,2984,Main Market,Industrial Products & Services,110.71,170.0
DUTALAND BERHAD,DUTALND,3948,Main Market,Plantation,325.75,1747.0
LFE CORPORATION BERHAD,LFECORP,7170,Main Market,Industrial Products & Services,28.05,110.0
CYL CORPORATION BERHAD,CYL,7157,Main Market,Industrial Products & Services,31.0,110.0
TASHIN HOLDINGS BERHAD,TASHIN,0211,Ace Market,Industrial Products & Services,59.33,811.0
VIVOCOM INTL HOLDINGS BERHAD,VIVOCOM,0069,Ace Market,Technology,141.61,4749.0
BINA PURI HOLDINGS BHD,BPURI,5932,Main Market,Construction,53.49,28307.0
TRADEPLUS SHARIAH GOLD TRACKER,GOLDETF,0828EA,ETF,ETF-Commodity,6520.13,845.0
CHINA OUHUA WINERY HOLDINGS LIMITED,CNOUHUA,5188,Main Market,Consumer Products & Services,23.38,0.0
CEPATWAWASAN GROUP BERHAD,CEPAT,8982,Main Market,Plantation,149.67,2246.0
CAM RESOURCES BERHAD,CAMRES,7128,Main Market,Consumer Products & Services,53.14,10.0
KAMDAR GROUP (M) BERHAD,KAMDAR,8672,Main Market,Consumer Products & Services,37.62,217.0
DIVERSIFIED GATEWAY SOLUTIONS BERHAD,DGSB,0131,Ace Market,Technology,63.39,9154.0
GPA HOLDINGS BERHAD,GPA,7096,Main Market,Industrial Products & Services,88.24,6528.0
MALAYSIA MARINE AND HEAVY ENGINEERING HOLDINGS BERHAD,MHB,5186,Main Market,Energy,792.0,102217.0
CHEMICAL COMPANY OF MALAYSIA BERHAD,CCM,2879,Main Market,Industrial Products & Services,223.04,2895.0
MALPAC HOLDINGS BERHAD,MALPAC,4936,Main Market,Plantation,45.0,110.0
,DIN042300721,0400GC,Bond & Loan,Bond Islamic,0.0,0.0
COSMOS TECHNOLOGY INTERNATIONAL BERHAD,CTIB,03035,Leap Market,Industrial Products & Services,65.41,0.0
,IHS046000824,0401GA,Bond & Loan,Bond Islamic,0.0,0.0
,ALLIANZ-PA,1163PA,Main Market,Financial Services,0.0,24.0
,DIN040000223,0400GA,Bond & Loan,Bond Islamic,0.0,0.0
KENANGA KLCI DAILY 2X LEVERAGED ETF,KLCI2XL,0834EA,,,0.0,0.0
,TASEK-PA,4448P,Main Market,Industrial Products & Services,0.0,1.0
ASTRAMINA GROUP BERHAD,ASTRA,03032,Leap Market,Consumer Products & Services,100.7,50.0
DANAINFRA NASIONAL BERHAD,DIN045801028,0400GB,Bond & Loan,Bond Islamic,0.0,0.0
KENANGA KLCI DAILY (-1X) INVERSE ETF,KLCI1XI,0835EA,,,0.0,205.0
MYETF THOMSON REUTERS ASIA PACIFIC EX-JAPAN ISLAMIC AGRIBUSINESS,METFAPA,0826EA,ETF,ETF-Equity,17.01,0.0
CHINA AUTOMOBILE PARTS HOLDINGS LIMITED,CAP,5229,Main Market,Industrial Products & Services,13.62,0.0
G NEPTUNE BERHAD,GNB,0045,Ace Market,Technology,10.11,2500.0
ASIA MEDIA GROUP BERHAD,AMEDIA,0159,Main Market,Telecommunications & Media,14.37,11.0
EKA NOODLES BERHAD,EKA,7182,Main Market,Consumer Products & Services,10.92,800.0
BERJAYA MEDIA BERHAD,BJMEDIA,6025,Main Market,Telecommunications & Media,24.68,0.0
BRAHIM'S HOLDINGS BERHAD,BRAHIMS,9474,Main Market,Consumer Products & Services,28.35,2998.0
DAYA MATERIALS BERHAD,DAYA,0091,Main Market,Energy,10.22,9530.0
SCOMI GROUP BERHAD,SCOMI,7158,Main Market,Energy,43.76,22040.0
BARAKAH OFFSHORE PETROLEUM BERHAD,BARAKAH,7251,Main Market,Energy,16.72,8577.0
KINSTEEL BHD,KINSTEL,5060,Main Market,Industrial Products & Services,5.25,0.0
LONDON BISCUITS BERHAD,LONBISC,7126,Main Market,Consumer Products & Services,5.82,0.0
MYETF DOW JONES U.S. TITANS 50,METFUS50,0827EA,ETF,ETF-Equity,8.7,1.0
APFT BERHAD,APFT,5194,Main Market,Consumer Products & Services,6.71,0.0
MYETF MSCI MALAYSIA ISLAMIC DIVIDEND,MYETFID,0824EA,ETF,ETF-Equity,36.63,0.0
MYETF MSCI SEA ISLAMIC DIVIDEND,METFSID,0825EA,ETF,ETF-Equity,39.65,40.0
ABF MALAYSIA BOND INDEX FUND,ABFMY1,0800EA,ETF,ETF-Bond,1636.84,31.0
MYETF DOW JONES ISLAMIC MARKET MALAYSIA TITANS 25,MYETFDJ,0821EA,ETF,ETF-Equity,294.92,13.0
FTSE BURSA MALAYSIA KLCI ETF,FBMKLCI-EA,0820EA,ETF,ETF-Equity,2.76,22.0
WINTONI GROUP BERHAD,WINTONI,0141,Ace Market,Technology,17.96,0.0
DOLPHIN INTERNATIONAL BERHAD,DOLPHIN,5265,Main Market,Industrial Products & Services,17.09,16467.0
KLUANG RUBBER COMPANY (MALAYA) BERHAD,KLUANG,2453,Main Market,Plantation,209.1,250.0
AMLEX HOLDINGS BERHAD,AMLEX,03011,Leap Market,Technology,57.64,0.0
KRETAM HOLDINGS BERHAD,KRETAM,1996,Main Market,Plantation,837.95,526.0
ENGTEX GROUP BERHAD,ENGTEX,5056,Main Market,Industrial Products & Services,257.13,7351.0
ATTA GLOBAL GROUP BERHAD,ATTA,7099,Main Market,Industrial Products & Services,94.93,0.0
CENSOF HOLDINGS BERHAD,CENSOF,5195,Main Market,Technology,57.7,22865.0
CHOO BEE METAL INDUSTRIES BHD,CHOOBEE,5797,Main Market,Industrial Products & Services,116.55,1062.0
STAR MEDIA GROUP BERHAD,STAR,6084,Main Market,Telecommunications & Media,269.58,18803.0
LTKM BERHAD,LTKM,7085,Main Market,Consumer Products & Services,140.51,30.0
MERCURY INDUSTRIES BERHAD,MERCURY,8192,Main Market,Construction,22.9,20.0
ADVANCED PACKAGING TECHNOLOGY (M) BHD,ADVPKG,9148,Main Market,Industrial Products & Services,38.96,0.0
NOVA MSC BERHAD,NOVAMSC,0026,Ace Market,Technology,50.09,27777.0
HUBLINE BERHAD,HUBLINE,7013,Main Market,Transportation & Logistics,211.48,375639.0
KAREX BERHAD,KAREX,5247,Main Market,Consumer Products & Services,541.28,31642.0
NEGRI SEMBILAN OIL PALMS BERHAD,NSOP,2038,Main Market,Plantation,180.42,0.0
CHEETAH HOLDINGS BERHAD,CHEETAH,7209,Main Market,Consumer Products & Services,35.73,0.0
BSL CORPORATION BERHAD,BSLCORP,7221,Main Market,Industrial Products & Services,19.11,0.0
UNITED U-LI CORPORATION BERHAD,ULICORP,7133,Main Market,Industrial Products & Services,76.23,370.0
TURIYA BERHAD,TURIYA,4359,Main Market,Technology,20.59,415.0
MPHB CAPITAL BERHAD,MPHBCAP,5237,Main Market,Financial Services,543.4,88.0
NTPM HOLDINGS BERHAD,NTPM,5066,Main Market,Consumer Products & Services,662.69,15180.0
ISKANDAR WATERFRONT CITY BERHAD,IWCITY,1589,Main Market,Property,561.05,544448.0
PELIKAN INTERNATIONAL CORPORATION BERHAD,PELIKAN,5231,Main Market,Consumer Products & Services,185.48,38692.0
MINTYE BERHAD,MBG,5886,Main Market,Consumer Products & Services,81.47,64.0
MISC BERHAD,MISC,3816,Main Market,Transportation & Logistics,37049.48,72305.0
LIEN HOE CORPORATION BERHAD,LIENHOE,3573,Main Market,Property,72.35,0.0
EKSONS CORPORATION BERHAD,EKSONS,9016,Main Market,Industrial Products & Services,86.21,260.0
TIONG NAM LOGISTICS HOLDINGS BERHAD,TNLOGIS,8397,Main Market,Transportation & Logistics,200.44,6479.0
CAB CAKARAN CORPORATION BERHAD,CAB,7174,Main Market,Consumer Products & Services,203.7,2700.0
SUMATEC RESOURCES BERHAD,SUMATEC,1201,Main Market,Energy,21.26,0.0
WCT HOLDINGS BERHAD,WCT,9679,Main Market,Construction,744.53,229866.0
BORNEO OIL BERHAD,BORNOIL,7036,Main Market,Industrial Products & Services,160.21,86809.0
PAN MALAYSIA HOLDINGS BERHAD,PMHLDG,1287,Main Market,Consumer Products & Services,176.48,402375.0
SINMAH CAPITAL BERHAD,SMCAP,9776,Main Market,Consumer Products & Services,24.59,1250.0
APPASIA BERHAD,APPASIA,0119,Ace Market,Technology,86.31,197068.0
MULTI-USAGE HOLDINGS BERHAD,MUH,9539,Main Market,Property,16.93,0.0
INCH KENNETH KAJANG RUBBER PUBLIC LTD CO,INCKEN,2607,Main Market,Plantation,216.69,281.0
MALAYSIA STEEL WORKS (KL) BHD,MASTEEL,5098,Main Market,Industrial Products & Services,151.67,18709.0
SENI JAYA CORPORATION BERHAD,SJC,9431,Main Market,Telecommunications & Media,19.46,10.0
PAOS HOLDINGS BERHAD,PAOS,5022,Main Market,Consumer Products & Services,48.91,250.0
AE MULTI HOLDINGS BERHAD,AEM,7146,Main Market,Industrial Products & Services,52.56,335173.0
ALCOM GROUP BERHAD,ALCOM,2674,Main Market,Industrial Products & Services,55.75,307.0
SYSTECH BHD,SYSTECH,0050,Ace Market,Technology,50.42,7177.0
LEBTECH BERHAD,LEBTECH,9628,Main Market,Construction,115.33,0.0
MEGA SUN CITY HOLDINGS BERHAD,MEGASUN,0081,Ace Market,Industrial Products & Services,27.55,14741.0
NYLEX (MALAYSIA) BERHAD,NYLEX,4944,Main Market,Industrial Products & Services,161.3,8146.0
CENTRAL GLOBAL BERHAD,CGB,8052,Main Market,Industrial Products & Services,34.2,0.0
BLD PLANTATION BHD.,BLDPLNT,5069,Main Market,Plantation,446.93,1.0
UNISEM (M) BERHAD,UNISEM,5005,Main Market,Technology,1423.63,2571.0
PIMPINAN EHSAN BERHAD,PEB,5622,Main Market,Construction,52.88,0.0
ABLEGROUP BERHAD,ABLEGRP,7086,Main Market,Industrial Products & Services,19.79,1200.0
ACOUSTECH BERHAD,ACOSTEC,7120,Main Market,Consumer Products & Services,136.17,1560940.0
CHUAN HUAT RESOURCES BHD,CHUAN,7016,Main Market,Industrial Products & Services,46.38,0.0
XIAN LENG HOLDINGS BERHAD,XIANLNG,7121,Main Market,Consumer Products & Services,25.58,628.0
WCE HOLDINGS BERHAD,WCEHB,3565,Main Market,Construction,356.79,89883.0
BOX-PAK (MALAYSIA) BERHAD,BOXPAK,6297,Main Market,Industrial Products & Services,138.05,568.0
APB RESOURCES BERHAD,APB,5568,Main Market,Industrial Products & Services,45.15,87.0
PACIFIC & ORIENT BERHAD,P&O,6009,Main Market,Financial Services,229.65,50.0
AMALGAMATED INDUSTRIAL STEEL BERHAD,AISB,2682,Main Market,Industrial Products & Services,31.76,0.0
SALCON BERHAD,SALCON,8567,Main Market,Utilities,139.77,8434.0
WARISAN TC HOLDINGS BERHAD,WARISAN,5016,Main Market,Consumer Products & Services,89.38,1.0
TASEK CORPORATION BERHAD,TASEK,4448,Main Market,Industrial Products & Services,715.77,20.0
JCY INTERNATIONAL BERHAD,JCY,5161,Main Market,Technology,646.97,54211.0
ANZO HOLDINGS BERHAD,ANZO,9342,Main Market,Industrial Products & Services,39.64,100858.0
QUALITY CONCRETE HOLDINGS BERHAD,QUALITY,7544,Main Market,Industrial Products & Services,46.37,0.0
NPC RESOURCES BERHAD,NPC,5047,Main Market,Plantation,222.0,20.0
PELANGI PUBLISHING GROUP BHD.,PPG,7190,Main Market,Telecommunications & Media,29.01,550.0
OPCOM HOLDINGS BERHAD,OPCOM,0035,Ace Market,Telecommunications & Media,84.66,228724.0
ORION IXL BERHAD,ORION,0079,Ace Market,Technology,43.74,5530.0
CAELY HOLDINGS BHD,CAELY,7154,Main Market,Consumer Products & Services,64.08,9601.0
SOLUTION GROUP BERHAD,SOLUTN,0093,Ace Market,Technology,22.98,10044.0
PERDANA PETROLEUM BERHAD,PERDANA,7108,Main Market,Energy,408.7,310906.0
K.SENG SENG CORPORATION BERHAD,KSSC,5192,Main Market,Industrial Products & Services,40.32,11347.0
JAG BERHAD,JAG,0024,Ace Market,Industrial Products & Services,163.67,384641.0
AYS VENTURES BERHAD,AYS,5021,Main Market,Industrial Products & Services,68.48,771.0
TIGER SYNERGY BERHAD,TIGER,7079,Main Market,Property,102.53,170983.0
MYCRON STEEL BERHAD,MYCRON,5087,Main Market,Industrial Products & Services,106.29,3015.0
LKL INTERNATIONAL BERHAD,LKL,0182,Ace Market,Health Care,280.86,616927.0
TEXCHEM RESOURCES BERHAD,TEXCHEM,8702,Main Market,Industrial Products & Services,56.46,4002.0
CJ CENTURY LOGISTICS HOLDINGS BERHAD,CJCEN,7117,Main Market,Transportation & Logistics,169.52,5760.0
YI-LAI BERHAD,YILAI,5048,Main Market,Industrial Products & Services,114.27,12738.0
VORTEX CONSOLIDATED BERHAD,VC,0060,Ace Market,Technology,65.42,95030.0
BERJAYA CORPORATION BERHAD,BJCORP,3395,Main Market,Industrial Products & Services,964.76,182781.0
PAN MALAYSIA CORPORATION BERHAD,PMCORP,4081,Main Market,Consumer Products & Services,92.8,2130.0
GRAND CENTRAL ENTERPRISES BHD,GCE,5592,Main Market,Consumer Products & Services,68.95,0.0
PERMAJU INDUSTRIES BERHAD,PERMAJU,7080,Main Market,Consumer Products & Services,129.32,24323.0
SERSOL BERHAD,SERSOL,0055,Ace Market,Industrial Products & Services,24.76,21092.0
GUOCOLAND (MALAYSIA) BERHAD,GUOCO,1503,Main Market,Property,378.25,5138.0
EVERGREEN FIBREBOARD BERHAD,EVERGRN,5101,Main Market,Industrial Products & Services,143.89,25090.0
TIEN WAH PRESS HOLDINGS BERHAD,TIENWAH,7374,Main Market,Industrial Products & Services,149.08,800.0
UCREST BERHAD,UCREST,0005,Ace Market,Technology,77.71,179171.0
MAJUPERAK HOLDINGS BERHAD,MJPERAK,8141,Main Market,Property,106.03,74808.0
DIGISTAR CORPORATION BERHAD,DIGISTA,0029,Main Market,Technology,43.37,18772.0
SUBUR TIASA HOLDINGS BERHAD,SUBUR,6904,Main Market,Industrial Products & Services,98.23,0.0
FARLIM GROUP (MALAYSIA) BHD,FARLIM,6041,Main Market,Property,44.62,1114.0
HUA YANG BERHAD,HUAYANG,5062,Main Market,Property,110.88,2753.0
FOCUS LUMBER BERHAD,FLBHD,5197,Main Market,Industrial Products & Services,80.16,227.0
JADE MARVEL GROUP BERHAD,JADEM,7043,Main Market,Industrial Products & Services,101.43,0.0
FOCUS DYNAMICS GROUP BERHAD,FOCUS,0116,Ace Market,Consumer Products & Services,1471.87,100388.0
COUNTRY HEIGHTS HOLDINGS BHD,CHHB,5738,Main Market,Property,264.68,0.0
SHH RESOURCES HOLDINGS BERHAD,SHH,7412,Main Market,Consumer Products & Services,20.75,0.0
BERJAYA ASSETS BERHAD,BJASSET,3239,Main Market,Property,703.49,1010.0
WAH SEONG CORPORATION BERHAD,WASEONG,5142,Main Market,Energy,437.81,35735.0
SEE HUP CONSOLIDATED BERHAD,SEEHUP,7053,Main Market,Transportation & Logistics,67.56,0.0
KIA LIM BERHAD,KIALIM,6211,Main Market,Industrial Products & Services,9.6,330.0
PUNCAK NIAGA HOLDINGS BERHAD,PUNCAK,6807,Main Market,Construction,101.09,14430.0
COMPUTER FORMS (MALAYSIA) BERHAD,CFM,8044,Main Market,Industrial Products & Services,43.46,10.0
SOUTH MALAYSIA INDUSTRIES BERHAD,SMI,4375,Main Market,Property,29.39,9978.0
PLS PLANTATIONS BERHAD,PLS,9695,Main Market,Plantation,198.15,197.0
HWA TAI INDUSTRIES BERHAD,HWATAI,8478,Main Market,Consumer Products & Services,22.08,1003.0
ONLY WORLD GROUP HOLDINGS BERHAD,OWG,5260,Main Market,Consumer Products & Services,114.04,58177.0
SALUTICA BERHAD,SALUTE,0183,Main Market,Consumer Products & Services,203.7,24209.0
PASDEC HOLDINGS BERHAD,PASDEC,6912,Main Market,Property,88.08,19947.0
CAREPLUS GROUP BERHAD,CAREPLS,0163,Ace Market,Health Care,866.12,1925808.0
ASTRAL ASIA BERHAD,AASIA,7054,Main Market,Plantation,75.9,14164.0
SCOPE INDUSTRIES BERHAD,SCOPE,0028,Ace Market,Industrial Products & Services,69.45,2430.0
OVERSEA ENTERPRISE BERHAD,OVERSEA,0153,Ace Market,Consumer Products & Services,38.19,12194.0
M N C WIRELESS BERHAD,MNC,0103,Ace Market,Telecommunications & Media,34.35,35702.0
EUROSPAN HOLDINGS BERHAD,EUROSP,7094,Main Market,Consumer Products & Services,17.99,20.0
BOUSTEAD PLANTATIONS BERHAD,BPLANT,5254,Main Market,Plantation,884.8,198478.0
OLYMPIA INDUSTRIES BERHAD,OLYMPIA,3018,Main Market,Consumer Products & Services,102.34,20790.0
PLASTRADE TECHNOLOGY BERHAD,PTB,0038,Ace Market,Industrial Products & Services,44.65,5023.0
EP MANUFACTURING BHD,EPMB,7773,Main Market,Industrial Products & Services,49.79,0.0
SAPURA RESOURCES BERHAD,SAPRES,4596,Main Market,Property,67.01,235.0
GOLDEN LAND BERHAD,GLBHD,7382,Main Market,Plantation,71.33,0.0
SC ESTATE BUILDER BERHAD,SCBUILD,0109,Ace Market,Construction,22.08,201.0
LANDMARKS BERHAD,LANDMRK,1643,Main Market,Consumer Products & Services,137.51,680.0
MEDIA CHINESE INTERNATIONAL LIMITED,MEDIAC,5090,Main Market,Telecommunications & Media,320.57,99255.0
SAND NISKO CAPITAL BERHAD,SNC,7943,Main Market,Consumer Products & Services,13.53,0.0
MANAGEPAY SYSTEMS BERHAD,MPAY,0156,Ace Market,Technology,67.49,229090.0
TRIVE PROPERTY GROUP BERHAD,TRIVE,0118,Main Market,Technology,15.25,30541.0
GRAND HOOVER BERHAD,HOOVER,7010,Main Market,Property,19.8,1301.0
NICHE CAPITAL EMAS HOLDINGS BERHAD,NICE,7139,Main Market,Consumer Products & Services,31.61,1250.0
MLABS SYSTEMS BERHAD,MLAB,0085,Ace Market,Technology,27.54,177854.0
B.I.G. INDUSTRIES BERHAD,BIG,7005,Main Market,Industrial Products & Services,13.75,0.0
MITRAJAYA HOLDINGS BERHAD,MITRA,9571,Main Market,Construction,188.19,57669.0
MCOM HOLDINGS BERHAD,MCOM,03022,Leap Market,Technology,62.22,10.0
RALCO CORPORATION BERHAD,RALCO,7498,Main Market,Industrial Products & Services,13.85,3380.0
CN ASIA CORPORATION BHD,CNASIA,7986,Main Market,Industrial Products & Services,19.47,205.0
AT SYSTEMATIZATION BERHAD,AT,0072,Ace Market,Industrial Products & Services,156.47,1208982.0
GE-SHEN CORPORATION BERHAD,GESHEN,7197,Main Market,Industrial Products & Services,48.41,0.0
MAA GROUP BERHAD,MAA,1198,Main Market,Financial Services,191.31,560.0
ASIA POLY HOLDINGS BERHAD,ASIAPLY,0105,Ace Market,Industrial Products & Services,50.77,1040567.0
TOMYPAK HOLDINGS BERHAD,TOMYPAK,7285,Main Market,Industrial Products & Services,189.16,3129.0
IDB TECHNOLOGIES BERHAD,IDBTECH,03030,Leap Market,Technology,50.0,0.0
MAGNA PRIMA BERHAD,MAGNA,7617,Main Market,Property,261.23,940.0
EFFICIENT E-SOLUTIONS BERHAD,EFFICEN,0064,Main Market,Industrial Products & Services,92.19,850.0
EASTLAND EQUITY BHD,EASTLND,2097,Main Market,Consumer Products & Services,22.7,100.0
MATRIX PARKING SOLUTION HOLDINGS BERHAD,MPSOL,03019,Leap Market,Consumer Products & Services,41.0,0.0
DWL RESOURCES BERHAD,DWL,7165,Main Market,Industrial Products & Services,54.72,116797.0
TRADEPLUS HSCEI DAILY (-1X) INVERSE TRACKER,HSCEI-1XI,0833EA,,,1.29,0.0
MALAYAN CEMENT BERHAD,MCEMENT,3794,Main Market,Industrial Products & Services,2421.63,317.0
NI HSIN RESOURCES BERHAD,NIHSIN,7215,Main Market,Consumer Products & Services,41.8,35325.0
KWANTAS CORPORATION BERHAD,KWANTAS,6572,Main Market,Plantation,162.07,230.0
AHMAD ZAKI RESOURCES BERHAD,AZRB,7078,Main Market,Construction,131.54,41247.0
ANN JOO RESOURCES BERHAD,ANNJOO,6556,Main Market,Industrial Products & Services,411.54,14709.0
AIRASIA GROUP BERHAD,AIRASIA,5099,Main Market,Consumer Products & Services,2890.81,1376766.0
PEGASUS HEIGHTS BERHAD,PHB,4464,Main Market,Property,100.03,10242.0
YLI HOLDINGS BERHAD,YLI,7014,Main Market,Industrial Products & Services,18.02,600.0
KIM HIN INDUSTRY BERHAD,KIMHIN,5371,Main Market,Industrial Products & Services,119.82,10.0
ICONIC WORLDWIDE BERHAD,ICONIC,9113,Main Market,Consumer Products & Services,77.69,14576.0
BUMI ARMADA BERHAD,ARMADA,5210,Main Market,Energy,1500.9,1833884.0
KUMPULAN JETSON BERHAD,JETSON,9083,Main Market,Industrial Products & Services,32.79,2080.0
INIX TECHNOLOGIES HOLDINGS BERHAD,INIX,0094,Ace Market,Technology,13.42,22899.0
CNI HOLDINGS BERHAD,CNI,5104,Main Market,Consumer Products & Services,39.6,2373.0
OSK VENTURES INTERNATIONAL BERHAD,OSKVI,0053,Ace Market,Financial Services,79.04,400.0
FIBROMAT (M) BERHAD,FBBHD,03026,Leap Market,Industrial Products & Services,69.12,0.0
JADI IMAGING HOLDINGS BERHAD,JADI,7223,Main Market,Consumer Products & Services,41.44,56076.0
FSBM HOLDINGS BERHAD,FSBM,9377,Main Market,Technology,12.72,50.0
SANICHI TECHNOLOGY BERHAD,SANICHI,0133,Ace Market,Industrial Products & Services,110.88,1937769.0
COMPUGATES HOLDINGS BERHAD,COMPUGT,5037,Main Market,Industrial Products & Services,37.65,6700.0
TANCO HOLDINGS BERHAD,TANCO,2429,Main Market,Property,45.67,20129.0
PARLO BERHAD,PARLO,0022,Ace Market,Consumer Products & Services,34.58,30075.0
TEK SENG HOLDINGS BERHAD,TEKSENG,7200,Main Market,Consumer Products & Services,209.19,195566.0
BENALEC HOLDINGS BERHAD,BENALEC,5190,Main Market,Construction,90.49,20137.0
PINEAPPLE RESOURCES BERHAD,PINEAPP,0006,Ace Market,Technology,13.34,0.0
WOODLANDOR HOLDINGS BHD,WOODLAN,7025,Main Market,Industrial Products & Services,22.0,0.0
CYMAO HOLDINGS BERHAD,CYMAO,5082,Main Market,Industrial Products & Services,13.5,0.0
SWS CAPITAL BERHAD,SWSCAP,7186,Main Market,Consumer Products & Services,76.58,459.0
STELLA HOLDINGS BERHAD,STELLA,5006,Main Market,Construction,60.3,0.0
GUNUNG CAPITAL BERHAD,GUNUNG,7676,Main Market,Transportation & Logistics,131.65,26257.0
TAFI INDUSTRIES BERHAD,TAFI,7211,Main Market,Consumer Products & Services,14.4,0.0
WMG HOLDINGS BERHAD,WMG,6378,Main Market,Property,42.62,19898.0
FGV HOLDINGS BERHAD,FGV,5222,Main Market,Plantation,4049.45,244203.0
WHITE HORSE BERHAD,WTHORSE,5009,Main Market,Industrial Products & Services,165.6,190.0
GLOBALTEC FORMATION BERHAD,GLOTEC,5220,Main Market,Industrial Products & Services,91.49,6133.0
MCLEAN TECHNOLOGIES BERHAD,MCLEAN,0167,Ace Market,Industrial Products & Services,37.47,15632.0
YGL CONVERGENCE BERHAD,YGL,0086,Ace Market,Technology,30.66,2106.0
BERTAM ALLIANCE BERHAD,BERTAM,9814,Main Market,Property,21.71,255.0
MILUX CORPORATION BERHAD,MILUX,7935,Main Market,Consumer Products & Services,59.94,630.0
SMTRACK BERHAD,SMTRACK,0169,Ace Market,Technology,16.79,2440.0
RIMBUNAN SAWIT BERHAD,RSAWIT,5113,Main Market,Plantation,453.92,455128.0
KYM HOLDINGS BERHAD,KYM,8362,Main Market,Industrial Products & Services,37.47,112.0
HOCK HENG STONE INDUSTRIES BHD,HOKHENG,5165,Main Market,Industrial Products & Services,38.72,100.0
CUSCAPI BERHAD,CUSCAPI,0051,Main Market,Technology,94.52,23082.0
MSCM HOLDINGS BERHAD,MYSCM,0041,Main Market,Technology,39.82,13682.0
MCE HOLDINGS BERHAD,MCEHLDG,7004,Main Market,Industrial Products & Services,19.54,256.0
ARK RESOURCES HOLDINGS BERHAD,ARK,7007,Main Market,Property,10.76,5.0
VERTICE BERHAD,VERTICE,7240,Main Market,Consumer Products & Services,53.8,844.0
TDM BERHAD,TDM,2054,Main Market,Plantation,429.07,247365.0
CONCRETE ENGINEERING PRODUCTS BERHAD,CEPCO,8435,Main Market,Industrial Products & Services,38.81,30.0
MULPHA INTERNATIONAL BERHAD,MULPHA,3905,Main Market,Consumer Products & Services,498.61,977.0
MERIDIAN BERHAD,MERIDIAN,5040,Main Market,Property,41.24,1150.0
TT VISION HOLDINGS BERHAD,TTV,03020,Leap Market,Technology,78.62,0.0
HARN LEN CORPORATION BHD,HARNLEN,7501,Main Market,Plantation,96.45,1005.0
SENTORIA GROUP BERHAD,SNTORIA,5213,Main Market,Property,76.58,8040.0
JAYA TIASA HOLDINGS BHD,JTIASA,4383,Main Market,Plantation,525.81,129644.0
SEALINK INTERNATIONAL BERHAD,SEALINK,5145,Main Market,Transportation & Logistics,125.0,8113.0
IQ GROUP HOLDINGS BERHAD,IQGROUP,5107,Main Market,Consumer Products & Services,40.93,1799.0
REX INDUSTRY BERHAD,REX,9946,Main Market,Consumer Products & Services,69.06,0.0
GETS GLOBAL BERHAD,GETS,5079,Main Market,Consumer Products & Services,11.34,8312.0
HO WAH GENTING BERHAD,HWGB,9601,Main Market,Industrial Products & Services,251.69,121679.0
METRONIC GLOBAL BERHAD,MTRONIC,0043,Main Market,Industrial Products & Services,49.83,150583.0
KEY ALLIANCE GROUP BERHAD,KGROUP,0036,Ace Market,Technology,40.83,79848.0
YONG TAI BERHAD,YONGTAI,7066,Main Market,Property,66.99,207939.0
MINETECH RESOURCES BERHAD,MINETEC,7219,Main Market,Industrial Products & Services,239.95,698314.0
MTD ACPI ENGINEERING BERHAD,MTDACPI,5924,Main Market,Construction,44.01,24504.0
ENCORP BERHAD,ENCORP,6076,Main Market,Property,61.3,0.0
WTK HOLDINGS BERHAD,WTK,4243,Main Market,Industrial Products & Services,173.28,14734.0
AEMULUS HOLDINGS BERHAD,AEMULUS,0181,Ace Market,Technology,131.87,46741.0
GOLDEN PHAROS BERHAD,GPHAROS,5649,Main Market,Industrial Products & Services,21.2,90.0
OCB BERHAD,OCB,5533,Main Market,Consumer Products & Services,44.23,1351.0
VERSATILE CREATIVE BERHAD,VERSATL,4995,Main Market,Industrial Products & Services,82.76,7813.0
HUME INDUSTRIES BERHAD,HUMEIND,5000,Main Market,Industrial Products & Services,601.66,5234.0
PARKSON HOLDINGS BERHAD,PARKSON,5657,Main Market,Consumer Products & Services,103.92,151081.0
TRANSOCEAN HOLDINGS BHD,TOCEAN,7218,Main Market,Transportation & Logistics,20.09,0.0
AVILLION BERHAD,AVI,8885,Main Market,Consumer Products & Services,70.83,61299.0
INDUSTRONICS BERHAD,ITRONIC,9393,Main Market,Technology,12.67,114.0
JASA KITA BERHAD,JASKITA,8648,Main Market,Industrial Products & Services,33.72,0.0
TRADEPLUS NYSE FANG+ DAILY (2X) LEVERAGED TRACKER,FANG-2XL,0830EA,,,1.25,15.0
NEXGRAM HOLDINGS BERHAD,NEXGRAM,0096,Ace Market,Telecommunications & Media,51.78,144216.0
PNE PCB BERHAD,PNEPCB,6637,Main Market,Industrial Products & Services,142.35,117074.0
ALAM MARITIM RESOURCES BERHAD,ALAM,5115,Main Market,Energy,118.26,724325.0
MQ TECHNOLOGY BERHAD,MQTECH,0070,Ace Market,Technology,20.48,16300.0
TRADEPLUS NYSE FANG+ DAILY (-1X) INVERSE TRACKER,FANG-1XI,0831EA,,,1.32,0.0
GREEN PACKET BERHAD,GPACKET,0082,Main Market,Telecommunications & Media,668.66,463277.0
SAUDEE GROUP BERHAD,SAUDEE,5157,Main Market,Consumer Products & Services,24.2,1987.0
TSR CAPITAL BERHAD,TSRCAP,5042,Main Market,Construction,43.61,186.0
AHB HOLDINGS BERHAD,AHB,7315,Main Market,Consumer Products & Services,13.21,11470.0
GLOBAL ORIENTAL BERHAD,GOB,1147,Main Market,Property,102.3,5124.0
PASUKHAS GROUP BERHAD,PASUKGB,0177,Ace Market,Industrial Products & Services,24.43,8660.0
MACPIE BERHAD,MACPIE,0140,Ace Market,Consumer Products & Services,42.4,200.0
VSOLAR GROUP BERHAD,VSOLAR,0066,Ace Market,Technology,18.49,66650.0
DYNACIATE GROUP BERHAD,DYNACIA,5178,Main Market,Industrial Products & Services,32.19,75408.0
ENRA GROUP BERHAD,ENRA,8613,Main Market,Property,129.4,0.0
SYF RESOURCES BERHAD,SYF,7082,Main Market,Consumer Products & Services,80.5,20000.0
CYCLE & CARRIAGE BINTANG BERHAD,CCB,2925,Main Market,Consumer Products & Services,146.08,466.0
MINDA GLOBAL BERHAD,MINDA,5166,Main Market,Consumer Products & Services,55.8,17611.0
KOMARKCORP BERHAD,KOMARK,7017,Main Market,Industrial Products & Services,54.48,43483.0
SHIN YANG SHIPPING CORPORATION BERHAD,SYSCORP,5173,Main Market,Transportation & Logistics,210.0,2200.0
XINGHE HOLDINGS BERHAD,XINGHE,0095,Ace Market,Consumer Products & Services,156.0,27318.0
MSM MALAYSIA HOLDINGS BERHAD,MSM,5202,Main Market,Consumer Products & Services,442.88,57171.0
EURO HOLDINGS BERHAD,EURO,7208,Main Market,Consumer Products & Services,304.72,7994.0
REACH ENERGY BERHAD,REACH,5256,Main Market,Energy,93.2,135908.0
NWP HOLDINGS BERHAD,NWP,5025,Main Market,Industrial Products & Services,53.94,1022.0
XOX BHD,XOX,0165,Ace Market,Telecommunications & Media,82.06,826691.0
SUNZEN BIOTECH BERHAD,SUNZEN,0148,Ace Market,Consumer Products & Services,45.48,4765.0
ADVANCE INFORMATION MARKETING BERHAD,AIM,0122,Ace Market,Industrial Products & Services,59.86,0.0
MMAG HOLDINGS BERHAD,MMAG,0034,Ace Market,Technology,255.53,1065.0
SEREMBAN ENGINEERING BERHAD,SEB,5163,Main Market,Industrial Products & Services,40.8,0.0
LION INDUSTRIES CORPORATION BERHAD,LIONIND,4235,Main Market,Industrial Products & Services,186.66,87387.0
YKGI HOLDINGS BERHAD,YKGI,7020,Main Market,Industrial Products & Services,31.56,2774.0
PDZ HOLDINGS BHD,PDZ,6254,Main Market,Transportation & Logistics,20.46,15817.0
KEY ASIC BERHAD,KEYASIC,0143,Main Market,Technology,111.11,92762.0
MTOUCHE TECHNOLOGY BERHAD,MTOUCHE,0092,Ace Market,Telecommunications & Media,39.88,153896.0
EQUITIESTRACKER HOLDINGS BERHAD,ETH,03021,Leap Market,Consumer Products & Services,46.65,0.0
NETX HOLDINGS BERHAD,NETX,0020,Ace Market,Technology,45.99,59133.0
TECHNODEX BHD,TDEX,0132,Ace Market,Technology,42.19,44100.0
HANDAL ENERGY BERHAD,HANDAL,7253,Main Market,Energy,50.33,6151.0
EDARAN BERHAD,EDARAN,5036,Main Market,Technology,19.8,1078.0
POS MALAYSIA BERHAD,POS,4634,Main Market,Transportation & Logistics,868.88,52274.0
REV ASIA BERHAD,REV,0173,Ace Market,Telecommunications & Media,12.12,0.0
K-STAR SPORTS LIMITED,KSTAR,5172,Main Market,Consumer Products & Services,35.65,14310.0
IREKA CORPORATION BERHAD,IREKA,8834,Main Market,Construction,70.02,1031.0
BTM RESOURCES BERHAD,BTM,7188,Main Market,Industrial Products & Services,14.84,3276.0
SEACERA GROUP BERHAD,SEACERA,7073,Main Market,Industrial Products & Services,132.47,6591.0
NEXTGREEN GLOBAL BERHAD,NGGB,7241,Main Market,Industrial Products & Services,140.89,5840.0
JOHAN HOLDINGS BERHAD,JOHAN,3441,Main Market,Financial Services,46.72,2810.0
PRG HOLDINGS BERHAD,PRG,7168,Main Market,Consumer Products & Services,71.04,12450.0
PRESTARIANG BERHAD,PRESBHD,5204,Main Market,Technology,142.78,37990.0
CONNECTCOUNTY HOLDINGS BERHAD,CONNECT,0102,Ace Market,Industrial Products & Services,60.45,90276.0
EA HOLDINGS BERHAD,EAH,0154,Ace Market,Technology,76.08,63378.0
MEDIA PRIMA BERHAD,MEDIA,4502,Main Market,Telecommunications & Media,171.93,73270.0
DGB ASIA BERHAD,DGB,0152,Ace Market,Technology,29.83,81428.0
LEWEKO RESOURCES BERHAD,LEWEKO,8745,Main Market,Industrial Products & Services,47.7,3046.0
SMRT HOLDINGS BERHAD,SMRT,0117,Ace Market,Technology,26.46,3708.0
MUDAJAYA GROUP BERHAD,MUDAJYA,5085,Main Market,Construction,184.65,65408.0
BOUSTEAD HOLDINGS BERHAD,BSTEAD,2771,Main Market,Industrial Products & Services,1327.68,57513.0
MALAYAN UNITED INDUSTRIES BERHAD,MUIIND,3891,Main Market,Consumer Products & Services,483.87,571950.0
LYC HEALTHCARE BERHAD,LYC,0075,Ace Market,Technology,151.87,117340.0
M3 TECHNOLOGIES (ASIA) BERHAD,M3TECH,0017,Ace Market,Telecommunications & Media,41.94,29537.0
TH PLANTATIONS BERHAD,THPLANT,5112,Main Market,Plantation,291.67,9246.0
PHARMANIAGA BERHAD,PHARMA,7081,Main Market,Health Care,660.91,15815.0
PRICEWORTH INTERNATIONAL BERHAD,PWORTH,7123,Main Market,Industrial Products & Services,81.9,27114.0
G3 GLOBAL BERHAD,G3,7184,Main Market,Consumer Products & Services,1081.36,152.0
GREEN OCEAN CORPORATION BERHAD,GOCEAN,0074,Ace Market,Consumer Products & Services,31.87,2182.0
ASDION BERHAD,ASDION,0068,Ace Market,Technology,15.99,3767.0
TFP SOLUTIONS BERHAD,TFP,0145,Ace Market,Technology,16.64,3026.0
SAPURA ENERGY BERHAD,SAPNRG,5218,Main Market,Energy,1677.8,1533379.0
CME GROUP BERHAD,CME,7018,Main Market,Industrial Products & Services,17.53,10208.0
SARAWAK CABLE BERHAD,SCABLE,5170,Main Market,Industrial Products & Services,68.17,1150.0
SINOTOP HOLDINGS BERHAD,SINOTOP,8532,Main Market,Consumer Products & Services,286.02,518379.0
DATAPREP HOLDINGS BHD,DATAPRP,8338,Main Market,Technology,69.53,12526.0
WZ SATU BERHAD,WZSATU,7245,Main Market,Industrial Products & Services,110.01,52431.0
NATIONWIDE EXPRESS HOLDINGS BERHAD,NATWIDE,9806,Main Market,Transportation & Logistics,12.94,1395.0
IDIMENSION CONSOLIDATED BHD,IDMENSN,0174,Ace Market,Technology,8.16,5409.0
RED IDEAS HOLDINGS BERHAD,REDIDEA,03002,Leap Market,Technology,25.2,0.0
DESTINI BERHAD,DESTINI,7212,Main Market,Industrial Products & Services,178.38,20457.0
MARINE & GENERAL BERHAD,M&G,5078,Main Market,Transportation & Logistics,47.05,1400.0
RED SENA BERHAD,RSENA,5270,Main Market,SPAC,505.0,0.0
MALAYSIA PACIFIC CORPORATION BERHAD,MPCORP,6548,Main Market,Property,24.45,100.0
BOUSTEAD HEAVY INDUSTRIES CORPORATION BHD,BHIC,8133,Main Market,Transportation & Logistics,165.22,789.0
KHEE SAN BERHAD,KHEESAN,6203,Main Market,Consumer Products & Services,34.32,24254.0
SINO HUA-AN INTERNATIONAL BERHAD,HUAAN,2739,Main Market,Energy,112.23,290545.0
SOUTHERN STEEL BERHAD,SSTEEL,5665,Main Market,Industrial Products & Services,292.19,455.0
SCOMI ENERGY SERVICES BHD,SCOMIES,7045,Main Market,Energy,74.94,62954.0
IPMUDA BERHAD,IPMUDA,5673,Main Market,Industrial Products & Services,16.67,90.0
PUC BERHAD,PUC,0007,Ace Market,Telecommunications & Media,68.84,16677.0
SILVER RIDGE HOLDINGS BHD,SRIDGE,0129,Ace Market,Telecommunications & Media,58.68,27423.0
GOODWAY INTEGRATED INDUSTRIES BERHAD,GOODWAY,7192,Main Market,Industrial Products & Services,26.87,10004.0
SEERS BERHAD,SEERS,03009,Leap Market,Consumer Products & Services,25.76,0.0
KONSORTIUM TRANSNASIONAL BERHAD,KTB,4847,Main Market,Consumer Products & Services,16.11,4333.0
AIRASIA X BERHAD,AAX,5238,Main Market,Consumer Products & Services,435.56,270782.0
DOLOMITE CORPORATION BERHAD,DOLMITE,5835,Main Market,Industrial Products & Services,20.37,1300.0
IKHMAS JAYA GROUP BERHAD,IKHMAS,5268,Main Market,Construction,38.24,61364.0
HENG HUAT RESOURCES GROUP BERHAD,HHGROUP,0175,Ace Market,Industrial Products & Services,12.22,607.0
PERAK CORPORATION BERHAD,PRKCORP,8346,Main Market,Transportation & Logistics,17.0,271.0
PRIVASIA TECHNOLOGY BERHAD,PRIVA,0123,Ace Market,Telecommunications & Media,30.7,8249.0
